,Lagrangian mass,Radius,Density,Temperature,Pressure,Luminosity,E generation rate,Opacity,Adiabatic temperature gradient,Actual temperature gradient,Energy transport
0,0.0,0.0,1.401823304437244,7055094.639587926,1342793078456327.0,0.0,0.012872809811486686,0.268,0.4,0.4,c
1,3153569406244304.0,81284.33111281015,1.401823304437244,7055094.639584111,1342793078454512.5,40595299193905.92,0.012872809811486686,0.268,0.4,0.4,c
2,9.945000000000001e+30,11919946354.07063,1.401823304437244,6973563.96863643,1303772935366443.8,1.280200935752351e+29,0.012872809811486686,0.268,0.4,0.4,c
3,9.944999999999974e+30,11919946354.07063,1.366208698316342,6973563.96863643,1293500000654872.2,1.280200935752351e+29,0.011807655208828646,1.167528154826062,0.4,0.4,c
4,1.0051586780299059e+31,11960392570.257055,1.3674921526945125,6966767.602457373,1293430336099586.2,3.647593988151818e+29,0.011758859422301525,1.1687413245841,0.4,0.4,c
5,1.0159315917735937e+31,12008229047.589125,1.3697800337128543,6954967.807346573,1293359924905723.0,5.666376415876362e+29,0.011674916735470697,1.1703397745600348,0.4,0.4,c
6,1.0268199655665822e+31,12060997885.514874,1.3724742825002791,6941182.546216782,1293288759071089.8,7.503751060436039e+29,0.011577447336720222,1.17213596285611,0.4,0.4,c
7,1.0378250368663872e+31,12117710243.773191,1.375393215501106,6926333.229717375,1293216830507730.0,9.216482723508823e+29,0.011473093461396498,1.1740670242287548,0.4,0.4,c
8,1.0489480563931295e+31,12177778042.662668,1.3784555254361741,6910833.683863885,1293144131041003.5,1.0834280840069707e+30,0.011364848971354828,1.1761012602102268,0.4,0.4,c
9,1.060190288271654e+31,12240797582.576015,1.3816182372007302,6894903.360204819,1293070652408656.8,1.2375494498788071e+30,0.011254305109010177,1.178219611379733,0.4,0.4,c
10,1.0715530101752471e+31,12306469031.115166,1.384856296915035,6878670.670350912,1292996386259885.0,1.385256791495013e+30,0.011142394433403471,1.1804093450669244,0.4,0.4,c
11,1.08303751347081e+31,12374558215.631735,1.3881541150979595,6862215.894960184,1292921324154382.8,1.527447398673979e+30,0.011029700692639673,1.1826613274769755,0.4,0.4,c
12,1.0946451033656387e+31,12444875744.561678,1.3915015315806265,6845591.691497239,1292845457561383.8,1.6647971074187466e+30,0.010916607265665117,1.184968660581514,0.4,0.4,c
13,1.1063770990557244e+31,12517264472.343616,1.3948916932683135,6828833.89300932,1292768777858693.2,1.7978319271594768e+30,0.010803375453053675,1.1873259289667586,0.4,0.4,c
14,1.1182348338757334e+31,12591591444.539694,1.3983198547356717,6811967.615596581,1292691276331706.0,1.926971892395482e+30,0.01069018879774417,1.1897287514402684,0.4,0.4,c
15,1.1302196554505136e+31,12667742447.302998,1.4017826616861229,6795010.908063061,1292612944172418.0,2.0525594178071767e+30,0.010577179577462216,1.192173498098638,0.4,0.4,c
16,1.1423329258482223e+31,12745618165.434711,1.4052777035401838,6777977.030286799,1292533772478423.2,2.1748784434451956e+30,0.010464445336875034,1.1946571032413003,0.4,0.4,c
17,1.15457602173518e+31,12825131382.92184,1.4088032238293164,6760875.92691351,1292453752251903.5,2.294167823913748e+30,0.010352059569405932,1.1971769367801823,0.4,0.4,c
18,1.1669503345323017e+31,12906204886.04357,1.412357927059725,6743715.208876121,1292372874398605.8,2.410630969314116e+30,0.01024007881870623,1.1997307129230126,0.4,0.4,c
19,1.1794572705732005e+31,12988769855.638288,1.4159408466459136,6726500.8232589355,1292291129726807.8,2.5244429603449682e+30,0.010128547512604417,1.2023164234860908,0.4,0.4,c
20,1.1920982512640746e+31,13072764609.468367,1.4195512526685279,6709237.519921631,1292208508946273.8,2.635755911173594e+30,0.010017501318718765,1.204932287995774,0.4,0.4,c
21,1.2048747132452215e+31,13158133601.161953,1.423188586273504,6691929.182193167,1292125002667199.0,2.7447030860531336e+30,0.009906969512048216,1.2075767155472517,0.4,0.4,c
22,1.2177881085542805e+31,13244826611.110495,1.4268524122930977,6674579.064641521,1292040601399142.2,2.851402110129926e+30,0.009796976667963805,1.210248275094692,0.4,0.4,c
23,1.2308399047913155e+31,13332798083.604723,1.4305423845745506,6657189.966093281,1291955295549947.0,2.9559575092355026e+30,0.009687543885979632,1.2129456719162874,0.4,0.4,c
24,1.2440315852855678e+31,13422006577.188969,1.4342582203239287,6639764.356771675,1291869075424652.0,3.0584627441499573e+30,0.009578689681849818,1.21566772868765,0.4,0.4,c
25,1.2573646492640552e+31,13512414303.942497,1.437999680943387,6622304.472439026,1291781931224389.0,3.1590018582427925e+30,0.0094704306419042,1.2184133700534043,0.4,0.4,c
26,1.2708406120219179e+31,13603986739.52239,1.4417665576091536,6604812.384498692,1291693853045268.8,3.2576508254111047e+30,0.009362781904855027,1.221181609895578,0.4,0.4,c
27,1.2844610050946915e+31,13696692290.18138,1.4455586603526256,6587290.052377903,1291604830877256.2,3.354478662843957e+30,0.009255757517086124,1.2239715407105407,0.4,0.4,c
28,1.2982273764323362e+31,13790502006.156513,1.4493758097581455,6569739.362717267,1291514854603032.5,3.44954835719398e+30,0.009149370694330574,1.2267823246560283,0.4,0.4,c
29,1.3121412905751266e+31,13885389333.172306,1.4532178306343193,6552162.158648691,1291423913996845.5,3.542917641199084e+30,0.009043634013563904,1.2296131859368515,0.4,0.4,c
30,1.3262043288315258e+31,13981329895.557846,1.4570845471867035,6534560.26156922,1291331998723346.2,3.63463964932958e+30,0.008938559552560817,1.2324634042755769,0.4,0.4,c
31,1.3404180894578677e+31,14078301305.806807,1.4609757793415075,6516935.487195663,1291239098336416.2,3.7247634747403124e+30,0.008834158990020541,1.2353323092715869,0.4,0.4,c
32,1.3547841878399658e+31,14176282996.427652,1.464891339957743,6499289.657236085,1291145202277978.8,3.8133346450701936e+30,0.00873044367589568,1.2382192754944896,0.4,0.4,c
33,1.3693042566767655e+31,14275256070.719486,1.4688310327292915,6481624.607687132,1291050299876800.8,3.9003955310276213e+30,0.008627424679174477,1.2411237181899626,0.4,0.4,c
34,1.3839799461658675e+31,14375203169.725101,1.4727946506255096,6463942.194525307,1290954380347277.8,3.9859856989303934e+30,0.008525112818612665,1.244045089500553,0.4,0.4,c
35,1.398812924191038e+31,14476108353.098724,1.4767819747540822,6446244.297381235,1290857432788209.2,4.0701422162197303e+30,0.008423518680609704,1.2469828751228278,0.4,0.4,c
36,1.4138048765118295e+31,14577956992.012436,1.4807927735561455,6428532.821651688,1290759446181560.8,4.152899917286036e+30,0.008322652627446863,1.2499365913368827,0.4,0.4,c
37,1.4289575069551218e+31,14680735672.535255,1.4848268022636106,6410809.699402603,1290660409391209.2,4.2342916356167004e+30,0.008222524798368611,1.252905782355744,0.4,0.4,c
38,1.444272537608784e+31,14784432108.169142,1.4888838025638143,6393076.889338979,1290560311161680.2,4.3143484072207803e+30,0.008123145105427748,1.255890017951269,0.4,0.4,c
39,1.459751709017342e+31,14889035060.429834,1.4929635024282601,6375336.376058163,1290459140116866.5,4.3930996494400266e+30,0.00802452322558532,1.2588888913204392,0.4,0.4,c
40,1.4753967803798605e+31,14994534266.52721,1.4970656160712499,6357590.168757226,1290356884758736.0,4.470573318574088e+30,0.007926668590224997,1.2619020171617379,0.4,0.4,c
41,1.49120952974984e+31,15100920373.337227,1.5011898440111877,6339840.299529451,1290253533466025.5,4.5467960491945435e+30,0.00782959037298473,1.2649290299360614,0.4,0.4,c
42,1.5071917542372556e+31,15208184876.97139,1.5053358732128497,6322088.821357121,1290149074492918.8,4.621793277570823e+30,0.007733297476609102,1.267969582290455,0.4,0.4,c
43,1.5233452702128694e+31,15316320067.344627,1.5095033772932136,6304337.805885891,1290043495967713.2,4.695589351260305e+30,0.007637798519366941,1.2710802818004838,0.4,0.4,c
44,1.5396719135146244e+31,15425318977.222029,1.5136921184508574,6286588.923891681,1289936785891469.0,4.7682076266087974e+30,0.007543099619866047,1.2743408317736151,0.4,0.4,c
45,1.556173539656249e+31,15535175327.713802,1.5179019894099477,6268843.2842284795,1289828932136646.5,4.8396705348642906e+30,0.007449203645900391,1.2776153386456437,0.4,0.4,c
46,1.5728520240382087e+31,15645883474.627863,1.5221326327636466,6251102.993316982,1289719922445727.5,4.9099996321126064e+30,0.007356118433678015,1.2809035028787892,0.4,0.4,c
47,1.5897092621608092e+31,15757438387.266638,1.5263836787331633,6233370.16780751,1289609744429822.2,4.9792157183115355e+30,0.007263851490672935,1.2842050364500277,0.4,0.4,c
48,1.6067471698395779e+31,15869835611.353651,1.5306547455292376,6215646.932000423,1289498385567262.5,5.047338899524426e+30,0.007172409983880346,1.287519661962388,0.4,0.4,c
49,1.6239676834230739e+31,15983071234.669489,1.534945439723853,6197935.415300489,1289385833202175.5,5.114388643708289e+30,0.00708180072908136,1.2908471118312705,0.4,0.4,c
50,1.6413727600129009e+31,16097141855.156199,1.5392553566283962,6180237.749721796,1289272074543049.8,5.180383830778572e+30,0.006992030181178792,1.2941871275385843,0.4,0.4,c
51,1.658964377686157e+31,16212044551.275566,1.543584080675182,6162556.0674561085,1289157096661277.5,5.245342797581397e+30,0.006903104425640958,1.2975394589483444,0.4,0.4,c
52,1.6767445357201885e+31,16327776854.42966,1.5479311857998799,6144892.498514626,1289040886489687.8,5.309283378325997e+30,0.00681502917107054,1.3009038636780925,0.4,0.4,c
53,1.6947152548198867e+31,16444336723.272003,1.5522962358228627,6127249.168450641,1288923430821060.8,5.372222940963058e+30,0.006727809742900309,1.304280106521098,0.4,0.4,c
54,1.712878577347301e+31,16561722519.755156,1.5566787848278838,6109628.196168637,1288804716306625.8,5.434178419937012e+30,0.006641451078204238,1.3076679589148654,0.4,0.4,c
55,1.7312365675537088e+31,16679932986.775906,1.561078377536848,6092031.691823714,1288684729454545.8,5.495166345690452e+30,0.006555957721603409,1.311067198451926,0.4,0.4,c
56,1.749791311814301e+31,16798967227.29263,1.5654945496796786,6074461.754813936,1288563456628383.5,5.555202871255658e+30,0.0064713338222378465,1.3144776084292942,0.4,0.4,c
57,1.7685449188652555e+31,16918824684.80139,1.5699268283585321,6056920.471867056,1288440884045550.0,5.614303796230656e+30,0.00638758313176918,1.317898977433343,0.4,0.4,c
58,1.7874995200433505e+31,17039505125.067837,1.5743747324057953,6039409.915222239,1288316997775741.5,5.672484588404458e+30,0.006304709003375205,1.3213310989571798,0.4,0.4,c
59,1.8066572695282756e+31,17161008619.021324,1.578837772735431,6021932.140906614,1288191783739353.5,5.72976040326749e+30,0.006222714391692749,1.3247737710478389,0.4,0.4,c
60,1.8260203445874112e+31,17283335526.726036,1.583315452687399,6004489.1871059425,1288065227705881.2,5.786146101618055e+30,0.0061416018536641056,1.328226795980918,0.4,0.4,c
61,1.8455909458232281e+31,17406486482.35131,1.587807268364959,5987083.072628159,1287937315292304.0,5.841656265453574e+30,0.006061373550239091,1.3316899799604658,0.4,0.4,c
62,1.8653712974234735e+31,17530462380.070053,1.5923127089647522,5969715.79545819,1287808031961448.0,5.89630521231587e+30,0.005982031248885105,1.3351631328421323,0.4,0.4,c
63,1.8853636474138903e+31,17655264360.820076,1.5968312570996497,5952389.331402109,1287677363020336.0,5.950107008242461e+30,0.0059035763268562415,1.3386460678777776,0.4,0.4,c
64,1.9055702679137334e+31,17780893799.868576,1.6013623891143858,5935105.632818447,1287545293618517.0,6.003075479460604e+30,0.005826009775172359,1.3421386014799026,0.4,0.4,c
65,1.9259934553939336e+31,17907352295.12486,1.605905575394065,5917866.627434297,1287411808746378.2,6.055224222947211e+30,0.005749332203260039,1.3456405530043831,0.4,0.4,c
66,1.9466355309381819e+31,18034641656.150703,1.6104602806656663,5900674.217243658,1287276893233439.8,6.106566615965692e+30,0.0056735438442070615,1.3491517445501329,0.4,0.4,c
67,1.9674988405066746e+31,18162763893.821808,1.6150259642926867,5883530.277485404,1287140531746629.8,6.157115824679972e+30,0.005598644560583478,1.352672000774445,0.4,0.4,c
68,1.9885857552026816e+31,18291721210.597305,1.6196020805631213,5866436.65569814,1287002708788542.8,6.2068848119363e+30,0.005524633850783354,1.3562011487228496,0.4,0.4,c
69,2.0098986715421164e+31,18421515991.357594,1.6241880789709562,5849395.170849179,1286863408695677.8,6.25588634429479e+30,0.005451510855841879,1.3597390176724249,0.4,0.4,c
70,2.0314400117258517e+31,18552150794.77374,1.628783404491408,5832407.612534825,1286722615636657.8,6.304132998384918e+30,0.005379274366685056,1.3632854389876043,0.4,0.4,c
71,2.053212223914951e+31,18683628345.17437,1.6333874978501308,5815475.740249159,1286580313610431.8,6.351637166652184e+30,0.0053079228317690404,1.3668402459875613,0.4,0.4,c
72,2.075217782509e+31,18815951524.878468,1.6379997957866173,5798601.282718506,1286436486444455.0,6.398411062556859e+30,0.005237454365069345,1.3704032738243703,0.4,0.4,c
73,2.097459188427272e+31,18949123366.964775,1.642619731312044,5781785.937298798,1286291117792851.5,6.444466725280105e+30,0.005167866754380452,1.37397435937118,0.4,0.4,c
74,2.1199389693929026e+31,19083147048.450516,1.6472467339618033,5765031.369433075,1286144191134556.5,6.489816023987582e+30,0.005099157469888676,1.37755334111969,0.4,0.4,c
75,2.142659680220268e+31,19218025883.854107,1.651880230042957,5748339.212166396,1285995689771438.2,6.534470661696035e+30,0.005031323672982523,1.3811400590863083,0.4,0.4,c
76,2.16562390310527e+31,19353763319.11827,1.6565196428768658,5731711.065715502,1285845596826401.5,6.578442178784169e+30,0.00496436222526666,1.3847343547263697,0.4,0.4,c
77,2.1888342479188352e+31,19490362925.871544,1.6611643930372253,5715148.497090614,1285693895241468.0,6.621741956185286e+30,0.004898269697746665,1.3883360708558898,0.4,0.4,c
78,2.2122933525034546e+31,19627828396.007656,1.6658138985837503,5698653.039766811,1285540567775838.0,6.664381218295694e+30,0.004833042380154515,1.3919450515803367,0.4,0.4,c
79,2.2360038829730787e+31,19766163536.563663,1.6704675752917373,5682226.193402499,1285385597003932.8,6.706371035629771e+30,0.004768676290384984,1.3955611422299452,0.4,0.4,c
80,2.259968534016069e+31,19905372264.87894,1.675124836877727,5665869.423602573,1285228965313411.2,6.747722327249678e+30,0.00470516718401615,1.399184189301155,0.4,0.4,c
81,2.2841900292013897e+31,20045458604.018326,1.6797850952214881,5649584.16172391,1285070654903170.8,6.788445862995133e+30,0.004642510563887565,1.4028140404037568,0.4,0.4,c
82,2.308671121288252e+31,20186426678.443756,1.6844477605845258,5633371.804720938,1284910647781323.0,6.828552265536248e+30,0.004580701689712243,1.4064505442133812,0.4,0.4,c
83,2.333414592538909e+31,20328280709.919796,1.6891122418253273,5617233.715029083,1284748925763149.2,6.868052012270302e+30,0.004519735587699234,1.410093550428981,0.4,0.4,c
84,2.358423255034799e+31,20471025013.63932,1.6937779466115175,5601171.220483987,1284585470469033.5,6.906955437081304e+30,0.00445960706016593,1.4137429097349867,0.4,0.4,c
85,2.3836999509962517e+31,20614663994.556534,1.698444281629129,5585185.614274459,1284420263322374.8,6.945272731979432e+30,0.004400310695119718,1.4173984737678416,0.4,0.4,c
86,2.4092475531054494e+31,20759202143.915253,1.7031106527891386,5569278.154927209,1284253285547473.5,6.983013948635758e+30,0.004341840875790974,1.4210600950866281,0.4,0.4,c
87,2.4350689648328462e+31,20904644035.96117,1.707776465431447,5553450.066321478,1284084518167401.2,7.020188999826173e+30,0.004284191790099968,1.4247276271475358,0.4,0.4,c
88,2.4611671207672615e+31,21050994324.8275,1.7124411245264406,5537702.537731775,1283913942001840.2,7.056807660797049e+30,0.004227357440041789,1.4284009242819309,0.4,0.4,c
89,2.4875449869493177e+31,21198257741.58402,1.7171040348742856,5522036.72389699,1283741537664906.2,7.092879570563917e+30,0.004171331650975169,1.4320798416777938,0.4,0.4,c
90,2.51420556120857e+31,21346439091.440163,1.7217646013020789,5506453.745114247,1283567285562943.8,7.128414233153297e+30,0.004116108080801149,1.4357642353643216,0.4,0.4,c
91,2.541151873504123e+31,21495543251.09339,1.726422228858972,5490954.687355923,1283391165892300.2,7.163421018796737e+30,0.004061680229019875,1.4394539621995008,0.4,0.4,c
92,2.56838698626911e+31,21645575166.21452,1.7310763230093806,5475540.602408324,1283213158637075.2,7.197909165085215e+30,0.00400804144565429,1.4431488798604577,0.4,0.4,c
93,2.595913994758673e+31,21796539849.062256,1.7357262898243695,5460212.508030624,1283033243566844.5,7.231887778091116e+30,0.003955184940030386,1.4468488468364231,0.4,0.4,c
94,2.6237360274016757e+31,21948442376.219643,1.7403715361713041,5444971.388132676,1282851400234362.5,7.265365833464243e+30,0.003903103789405268,1.4505537224241432,0.4,0.4,c
95,2.651856246156372e+31,22101287886.44546,1.7450114699018364,5429818.192970436,1282667607973237.5,7.29835217750758e+30,0.0038517909474348458,1.4542633667255827,0.4,0.4,c
96,2.6802778468697e+31,22255081578.634155,1.7496461951760585,5414751.702536504,1282481845895583.5,7.33085552823783e+30,0.0038012321940224946,1.4579778292951968,0.4,0.4,c
97,2.7090040596404195e+31,22409828646.21023,1.7542756047399284,5399771.359678266,1282294092889645.0,7.362884417116406e+30,0.003751415738454774,1.4616971020332767,0.4,0.4,c
98,2.738038149186344e+31,22565534297.96063,1.7588991406690664,5384877.980307719,1282104327617400.0,7.394447211077226e+30,0.003702334419134406,1.4654210544301205,0.4,0.4,c
99,2.7673834152153096e+31,22722203799.987556,1.7635162461188896,5370072.350483145,1281912528512132.0,7.425552153034783e+30,0.0036539809896732004,1.4691495567107817,0.4,0.4,c
100,2.797043192800115e+31,22879842473.94022,1.768126365492107,5355355.226618371,1281718673775982.0,7.456207363050556e+30,0.003606348125777132,1.4728824798367972,0.4,0.4,c
101,2.827020852757685e+31,23038455695.334743,1.7727289446043328,5340727.335705332,1281522741377469.0,7.486420839488719e+30,0.0035594284319745155,1.4766196955094877,0.4,0.4,c
102,2.857319802032076e+31,23198048891.957375,1.777323430847883,5326189.375548889,1281324709048986.5,7.516200460164071e+30,0.0035132144481830854,1.4803610761747532,0.4,0.4,c
103,2.8879434840817143e+31,23358627542.34638,1.7819092733538182,5311742.015012925,1281124554284272.8,7.545553983484774e+30,0.0034676986561126603,1.484106495029252,0.4,0.4,c
104,2.9188953792706527e+31,23520197174.348213,1.7864859231522587,5297385.8942768285,1280922254335852.2,7.574489049592078e+30,0.0034228734855001083,1.4878558260278862,0.4,0.4,c
105,2.950179005264251e+31,23682763363.74391,1.7910528333310138,5283121.6251014825,1280717786212450.8,7.603013181498948e+30,0.003378731320174707,1.4916089438924958,0.4,0.4,c
106,2.981797917428888e+31,23846331732.94174,1.7956094591925464,5268949.791103967,1280511126676381.2,7.631133786229162e+30,0.0033352645039516652,1.4953657241216978,0.4,0.4,c
107,3.013755709235953e+31,24010907949.7325,1.8001552584092857,5254870.948040233,1280302252240905.0,7.658858155958216e+30,0.003292465346353037,1.4991260430017685,0.4,0.4,c
108,3.0460560126703873e+31,24176497726.103996,1.8046896911772887,5240885.624095027,1280091139167561.0,7.686193469157135e+30,0.003250326128154707,1.5028897776185175,0.4,0.4,c
109,3.0787024986433843e+31,24343106817.111397,1.8092122203682495,5226994.320178437,1279877763463467.0,7.713146791740047e+30,0.0032088391067594704,1.5066568058700676,0.4,0.4,c
110,3.111698877409513e+31,24510741019.800407,1.813722311679841,5213197.510228429,1279662100878596.0,7.739725078216232e+30,0.0031679965213961088,1.5104270064804677,0.4,0.4,c
111,3.145048898988533e+31,24679406172.180344,1.818219433784371,5199495.641518818,1279444126903017.5,7.765935172847121e+30,0.0031277905981448133,1.5142002590140955,0.4,0.4,c
112,3.178756353591512e+31,24849108152.244347,1.8227030584757133,5185889.134972145,1279223816764111.8,7.791783810808633e+30,0.0030882135547898454,1.5179764438907566,0.4,0.4,c
113,3.2128250720515e+31,25019852877.034164,1.8271726608145022,5172378.385476968,1279001145423757.5,7.817277619359046e+30,0.0030492576055004906,1.5218579764962747,0.4,0.4,c
114,3.247258926259056e+31,25191646301.747005,1.831627719271513,5158963.762209114,1278776087575482.0,7.84242311901251e+30,0.0030109149653414708,1.526260027822998,0.4,0.4,c
115,3.282061829602185e+31,25364494418.882195,1.8360677158692174,5145645.608956471,1278548617641589.0,7.867226724718175e+30,0.002973177854614815,1.530666927413999,0.4,0.4,c
116,3.3172377374111435e+31,25538403257.425426,1.8404921363214284,5132424.244446938,1278318709770249.0,7.891694747044847e+30,0.0029360385030346684,1.535078561866757,0.4,0.4,c
117,3.3527906474078527e+31,25713378882.06855,1.8449004701709921,5119299.962679162,1278086337832562.8,7.915833393370952e+30,0.0028994891537374437,1.5394948186611017,0.4,0.4,c
118,3.388724600160401e+31,25889427392.46294,1.8492922109254586,5106273.03325574,1277851475419591.5,7.939648769079563e+30,0.0028635220671293757,1.5439155861750913,0.4,0.4,c
119,3.4250436795421683e+31,26066554922.504635,1.8536668561906566,5093343.701718581,1277614095839354.0,7.963146878758152e+30,0.002828129524574038,1.5483407537013818,0.4,0.4,c
120,3.461752013195877e+31,26244767639.64949,1.8580239078021044,5080512.189886143,1277374172113797.0,7.986333627402684e+30,0.0027933038319224706,1.5527702114640451,0.4,0.4,c
121,3.4988537730028576e+31,26424071744.256714,1.8623628719541727,5067778.696192291,1277131676975723.8,8.009214821625626e+30,0.0027590373228885395,1.5572038506357664,0.4,0.4,c
122,3.536353175557103e+31,26604473468.959263,1.866683259326929,5055143.396026532,1276886582865699.5,8.031796170867394e+30,0.0027253223622725697,1.5616415633553693,0.4,0.4,c
123,3.5742544826443907e+31,26785979078.059635,1.870984585210568,5042606.442075429,1276638861928917.5,8.054083288610753e+30,0.0026921513490361162,1.5660832427456222,0.4,0.4,c
124,3.6125620017268078e+31,26968594866.949673,1.8752663696273446,5030167.964664964,1276388486012033.8,8.076081693597624e+30,0.0026595167192309983,1.5705287829312549,0.4,0.4,c
125,3.651280086432205e+31,27152327161.553127,1.87952813745093,5017828.072103701,1276135426659967.0,8.097796811047771e+30,0.0026274109487856756,1.5749780790571535,0.4,0.4,c
126,3.690413137048894e+31,27337182317.789738,1.8837694185230847,5005586.8510265555,1275879655112665.5,8.119233973878783e+30,0.0025958265561523758,1.5795071585694802,0.4,0.4,c
127,3.7299656010259166e+31,27523166721.05969,1.8879899001065887,4993443.965799058,1275621142301837.2,8.140398423926796e+30,0.0025647551006782727,1.5841113893505323,0.4,0.4,c
128,3.7699419734783744e+31,27710286770.056168,1.8921892641687896,4981399.094625148,1275359858847648.2,8.161295305000733e+30,0.002534188309677325,1.5887187613856542,0.4,0.4,c
129,3.8103467976983594e+31,27898548878.065006,1.8963670553390914,4969452.273702853,1275095775055381.2,8.181929665022769e+30,0.0025041189225158585,1.5933291602676665,0.4,0.4,c
130,3.8511846656711694e+31,28087959487.918167,1.9005228233916556,4957603.5193441855,1274828860912063.5,8.202306465016425e+30,0.0024745397291153276,1.597942472844376,0.4,0.4,c
131,3.8924602185973735e+31,28278525071.49623,1.9046561233553667,4945852.828286813,1274559086083053.5,8.222430580326923e+30,0.002445443571878947,1.6025585872408339,0.4,0.4,c
132,3.9341781474201874e+31,28470252129.248848,1.9087665156204974,4934200.178006921,1274286419908595.0,8.242306801837618e+30,0.0024168233475074198,1.6071773928814082,0.4,0.4,c
133,3.9763431933585018e+31,28663147189.73222,1.912853566041981,4922645.52703312,1274010831400331.2,8.261939837182107e+30,0.0023886720087066523,1.6117987805115777,0.4,0.4,c
134,4.0189601484459093e+31,28857216809.162773,1.9169168460392096,4911188.815261258,1273732289237784.8,8.281334311951605e+30,0.0023609825657903514,1.6164226422194423,0.4,0.4,c
135,4.062033856075221e+31,29052467570.986233,1.9209559326922692,4899829.964270021,1273450761764795.8,8.300494770897178e+30,0.002333748088180215,1.6210488714568942,0.4,0.4,c
136,4.10556921154882e+31,29248906085.46133,1.924970408834537,4888568.877637209,1273166216985927.8,8.319425679126446e+30,0.0023069617058068597,1.6256773630603991,0.4,0.4,c
137,4.149571162635199e+31,29446538989.257442,1.9289598631415468,4877405.441256569,1272878622562826.8,8.33813142329433e+30,0.0022806166104141273,1.6303080132713699,0.4,0.4,c
138,4.194044710131183e+31,29645372945.065517,1.932923890216059,4866339.523655078,1272587945810549.5,8.356616312787477e+30,0.002254706056769726,1.6349407197560797,0.4,0.4,c
139,4.238994908430157e+31,29845414641.22167,1.9368620906692486,4855370.976310595,1272294153693848.0,8.374884580901969e+30,0.0022292233637850735,1.6395753816250904,0.4,0.4,c
140,4.284426866096701e+31,30046670791.34285,1.9407740711979378,4844499.633969766,1271997212823414.5,8.392940386013924e+30,0.002204161915547177,1.6442118994521437,0.4,0.4,c
141,4.330345746447043e+31,30249148133.97409,1.944659444657808,4833725.3149661105,1271697089452087.2,8.410787812742659e+30,0.002179515162265333,1.648850175292502,0.4,0.4,c
142,4.37675676813593e+31,30452853432.24678,1.9485178301325192,4823047.821538187,1271393749471014.8,8.428430873106027e+30,0.0021552766211354723,1.6534901127007002,0.4,0.4,c
143,4.423665205749589e+31,30657793473.547546,1.9523488529986774,4812466.940147766,1271087158405780.5,8.445873507667604e+30,0.0021314398771249002,1.6581316167476685,0.4,0.4,c
144,4.47107639040539e+31,30863975069.19726,1.9561521449865817,4801982.44179792,1270777281412483.2,8.463119586675391e+30,0.002107998583680115,1.6627745940372185,0.4,0.4,c
145,4.51899571035762e+31,31071405054.13984,1.9599273442367116,4791594.0823509535,1270464083273777.8,8.480172911191722e+30,0.0020849464633604683,1.6674189527218377,0.4,0.4,c
146,4.567428611609746e+31,31280090286.640366,1.9636740953518839,4781301.602846096,1270147528394873.8,8.497037214214063e+30,0.0020622773084002406,1.6720646025178008,0.4,0.4,c
147,4.616380598533568e+31,31490037647.99228,1.967392049445048,4771104.729816878,1269827580799488.2,8.513716161786425e+30,0.0020399849812018154,1.6767114547195359,0.4,0.4,c
148,4.665857234494677e+31,31701254042.233253,1.9710808641826665,4761003.175608108,1269504204125757.5,8.530213354101117e+30,0.0020180634147623916,1.681359422213261,0.4,0.4,c
149,4.71586414248462e+31,31913746395.869488,1.9747402038236597,4750996.6386923855,1269177361622106.5,8.546532326590565e+30,0.001996506613036913,1.686008419489838,0.4,0.4,c
150,4.76640700576017e+31,32127521657.608128,1.9783697392538588,4741084.803986064,1268847016143069.5,8.562676551008978e+30,0.0019753086512395743,1.6906583626568468,0.4,0.4,c
151,4.817491568489116e+31,32342586798.097584,1.9819691480159611,4731267.343164592,1268513130145069.5,8.578649436503603e+30,0.0019544636760863076,1.6953091694498483,0.4,0.4,c
152,4.869123636402967e+31,32558948809.675472,1.9855381143349613,4721543.914977147,1268175665682152.8,8.594454330675373e+30,0.0019339659059807444,1.6999607592428325,0.4,0.4,c
153,4.921309077457001e+31,32776614706.124023,1.9890763291390299,4711914.165560501,1267834584401673.5,8.610094520628738e+30,0.0019138096311458095,1.7046130530578183,0.4,0.4,c
154,4.974053822497042e+31,32995591522.432705,1.9925834900758497,4702377.728752018,1267489847539936.8,8.6255732340105e+30,0.0018939892137033246,1.709265973573618,0.4,0.4,c
155,5.027363865933373e+31,33215886314.56792,1.9960593015243906,4692934.2264017295,1267141415917794.8,8.640893640037462e+30,0.001874499087703854,1.71391944513373,0.4,0.4,c
156,5.081245266422241e+31,33437506159.249603,1.9995034746021183,4683583.268683384,1266789249936189.8,8.656058850512759e+30,0.0018553337591088585,1.7185733937533685,0.4,0.4,c
157,5.135704147554259e+31,33660458153.734562,2.002915727167664,4674324.454404409,1266433309571658.0,8.6710719208307e+30,0.0018364878057273127,1.7232277471256088,0.4,0.4,c
158,5.190746698550426e+31,33884749415.606434,2.0062957838189424,4665157.371314694,1266073554371777.8,8.68593585097001e+30,0.001817955877108896,1.7278824346266506,0.4,0.4,c
159,5.246379174965369e+31,34110387082.572136,2.0096433758867565,4656081.59641412,1265709943450575.5,8.700653586475337e+30,0.0017997326943957033,1.7325373873201886,0.4,0.4,c
160,5.302607899398524e+31,34337378312.264694,2.012958241423892,4647096.696258742,1265342435483875.0,8.715228019426936e+30,0.0017818130501343803,1.737192537960891,0.4,0.4,c
161,5.359439262212583e+31,34565730282.05236,2.0162401251897495,4638202.227265556,1264970988704603.8,8.72966198939842e+30,0.0017641918080507433,1.7418478209969794,0.4,0.4,c
162,5.416879722259616e+31,34795450188.85391,2.0194887786305302,4629397.736015753,1264595560898046.2,8.743958284402515e+30,0.0017468639027885284,1.746503172571919,0.4,0.4,c
163,5.474935807615378e+31,35026545248.96007,2.0227039598550265,4620682.75955638,1264216109397044.5,8.758119641824733e+30,0.0017298243396142107,1.7511585305251964,0.4,0.4,c
164,5.533614116321094e+31,35259022697.860916,2.0258854336060543,4612056.82570033,1263832591077149.8,8.772148749344917e+30,0.0017130681940895685,1.755813834392222,0.4,0.4,c
165,5.592921317133183e+31,35492889790.079384,2.0290329712275867,4603519.453324557,1263444962351723.0,8.786048245846614e+30,0.0016965906117137287,1.7604690254033346,0.4,0.4,c
166,5.652864150281433e+31,35728153799.01054,2.032146350627625,4595070.152666455,1263053179166978.5,8.799820722314228e+30,0.0016803868075362003,1.7651240464819118,0.4,0.4,c
167,5.713449428234839e+31,35964822016.76679,2.035225356236887,4586708.425618287,1262657196996979.0,8.813468722717942e+30,0.001664452065742736,1.769778842241625,0.4,0.4,c
168,5.774684036475932e+31,36202901754.02897,2.038269778963363,4578433.7660195995,1262256970838574.8,8.826994744886384e+30,0.0016487817392152543,1.7744333589827934,0.4,0.4,c
169,5.836574934283121e+31,36442400339.90305,2.0412794161428174,4570245.659947526,1261852455206290.0,8.84040124136704e+30,0.0016333712490676077,1.7790875446879038,0.4,0.4,c
170,5.8991291555218925e+31,36683325121.78276,2.0442540714853,4562143.58600489,1261443604127152.0,8.853690620274405e+30,0.0016182160841583448,1.783741349016255,0.4,0.4,c
171,5.962353809444067e+31,36925683465.217804,2.0471935550177474,4554127.015606034,1261030371135466.5,8.866865246125908e+30,0.001603311800582181,1.7883947232977822,0.4,0.4,c
172,6.026256081495613e+31,37169482753.78781,2.0500976830227677,4546195.413260271,1260612709267538.8,8.879927440665598e+30,0.0015886540211412052,1.7930476205260366,0.4,0.4,c
173,6.090843234133561e+31,37414730388.98193,2.0529662779736704,4538348.236852893,1260190571056333.2,8.892879483675652e+30,0.001574238434797391,1.7976999953503583,0.4,0.4,c
174,6.156122607651235e+31,37661433790.08408,2.055799168465854,4530584.937923629,1259763908526080.8,8.905723613775727e+30,0.0015600607961074639,1.8023518040672466,0.4,0.4,c
175,6.222101621012316e+31,37909600394.06378,2.0585961891446347,4522904.961942497,1259332673186827.5,8.918462029210199e+30,0.0015461169246415124,1.8070030046109484,0.4,0.4,c
176,6.28878777269431e+31,38159237655.47258,2.0613571806295994,4515307.748582939,1258896816028920.5,8.931096888623343e+30,0.001532402704386355,1.8116535565432748,0.4,0.4,c
177,6.35618864154059e+31,38410353046.34611,2.064081989435609,4507792.7319921795,1258456287517440.0,8.94363031182251e+30,0.0015189140831349292,1.8163034210426676,0.4,0.4,c
178,6.424311887621578e+31,38662954056.11164,2.066770467890534,4500359.341058717,1258011037586570.5,8.956064380529375e+30,0.0015056470718626707,1.8209525608925363,0.4,0.4,c
179,6.493165253105612e+31,38917048191.501236,2.0694224740498233,4493006.99967687,1257561015633909.5,8.968401139119306e+30,0.001492597744092001,1.8256009404688727,0.4,0.4,c
180,6.5627565631386895e+31,39172642976.47038,2.072037871608035,4485735.127008306,1257106170514716.2,8.980642595348949e+30,0.0014797622352459476,1.830248525727185,0.4,0.4,c
181,6.633093726733626e+31,39429745952.12219,2.0746165298074137,4478543.137740472,1256646450536100.8,8.992790721072097e+30,0.0014671367419917803,1.8348952841887503,0.4,0.4,c
182,6.704184737669232e+31,39688364676.63705,2.0771583233436433,4471430.442341864,1256181803451147.5,9.004847452943935e+30,0.001454717521575616,1.8395411849262056,0.4,0.4,c
183,6.776037675398586e+31,39948506725.20777,2.0796631322688732,4464396.447314045,1255712176452978.0,9.016814693113749e+30,0.0014425008911490371,1.8441861985485288,0.4,0.4,c
184,6.848660705967373e+31,40210179689.98025,2.0821308418921456,4457440.555440369,1255237516168749.5,9.028694309906197e+30,0.0014304832270882976,1.8488302971853934,0.4,0.4,c
185,6.922062082941724e+31,40473391179.9995,2.084561342677333,4450562.166031321,1254757768653590.2,9.040488138491234e+30,0.001418660964307207,1.8534734544709404,0.4,0.4,c
186,6.9962501483465645e+31,40738148821.16114,2.086954530138691,4443760.675166421,1254272879384465.5,9.0521979815428e+30,0.0014070305955643197,1.8581156455269954,0.4,0.4,c
187,7.071233333613516e+31,41004460256.168335,2.089310304734172,4437035.475932629,1253782793253984.2,9.063825609886375e+30,0.0013955886707652688,1.8627568469457316,0.4,0.4,c
188,7.147020160538949e+31,41272333144.49406,2.0916285717565835,4430385.958659192,1253287454564136.0,9.075372763135512e+30,0.0013843317962609102,1.8673970367718253,0.4,0.4,c
189,7.223619242252824e+31,41541775162.348724,2.0939092412227343,4423811.511148869,1252786807019958.2,9.086841150317457e+30,0.0013732566341420212,1.8720361944841237,0.4,0.4,c
190,7.301039284197404e+31,41812794002.65322,2.0961522277606717,4417311.518905498,1252280793723140.2,9.09823245048797e+30,0.0013623599015311467,1.8766743009768254,0.4,0.4,c
191,7.379289085116433e+31,42085397375.017166,2.0983574504951417,4410885.365357834,1251769357165558.5,9.109548313335477e+30,0.001351638369872329,1.8813113385402396,0.4,0.4,c
192,7.458377538055471e+31,42359593005.72249,2.1005248329313693,4404532.432079626,1251252439222736.5,9.120790359774655e+30,0.0013410888642192288,1.885947290841105,0.4,0.4,c
193,7.538313631372349e+31,42635388637.712265,2.1026543028373,4398252.099005883,1250729981147243.0,9.13196018252959e+30,0.0013307082625222243,1.8905821429025294,0.4,0.4,c
194,7.619106449758804e+31,42912792030.58474,2.104745792124398,4392043.744645281,1250201923562012.8,9.143059346706612e+30,0.001320493494915139,1.8952158810835467,0.4,0.4,c
195,7.700765175272709e+31,43191810960.59256,2.1067992367271344,4385906.74628869,1249668206453600.5,9.154089390356959e+30,0.0013104415430019855,1.8998484930583333,0.4,0.4,c
196,7.783299088381974e+31,43472453220.64711,2.1088145764812647,4379840.480213764,1249128769165358.2,9.165051825029374e+30,0.0013005494391442806,1.9044799677950963,0.4,0.4,c
197,7.866717569019087e+31,43754726620.32797,2.1107917550010193,4373844.321885583,1248583550390543.8,9.175948136312771e+30,0.001290814265749436,1.9091102955346708,0.4,0.4,c
198,7.951030097646939e+31,44038638985.89746,2.112730719555315,4367917.646153298,1248032488165351.8,9.186779784369106e+30,0.0012812331545606283,1.913739467768837,0.4,0.4,c
199,8.036246256336663e+31,44324198160.32013,2.1146314209430965,4362059.8274427755,1247475519861871.8,9.197548204456583e+30,0.0012718032859485977,1.9183674772183914,0.4,0.4,c
200,8.122375729856438e+31,44611412003.287285,2.116493813367923,4356270.2399451975,1246912582180970.5,9.208254807443311e+30,0.0012625218882057567,1.9229943178109832,0.4,0.4,c
201,8.209428306771956e+31,44900288391.246376,2.118317854311901,4350548.257801617,1246343611145100.2,9.21890098031157e+30,0.0012533862368430447,1.9276199846587598,0.4,0.4,c
202,8.297413880559284e+31,45190835217.43528,2.120103504409066,4344893.255283438,1245768542091024.0,9.229488086652797e+30,0.0012443936538897842,1.932244474035817,0.4,0.4,c
203,8.386342450729063e+31,45483060391.92142,2.121850727318325,4339304.606968819,1245187309662468.2,9.240017467153433e+30,0.001235541507197003,1.9368677833555055,0.4,0.4,c
204,8.476224123962723e+31,45776971841.64555,2.123559489596056,4333781.687914984,1244599847802697.5,9.250490440071771e+30,0.001226827209744502,1.9414899111475943,0.4,0.4,c
205,8.567069115261528e+31,46072577510.47038,2.1252297605684562,4328323.873826436,1244006089747003.0,9.260908301705932e+30,0.0012182482189518797,1.946110857035317,0.4,0.4,c
206,8.658887749107296e+31,46369885359.23367,2.126861512203747,4322930.541219074,1243405968015117.0,9.271272326853095e+30,0.001209802035993982,1.9507306217123395,0.4,0.4,c
207,8.751690460635556e+31,46668903365.806046,2.1284547189843237,4317601.06758021,1242799414403545.0,9.281583769260136e+30,0.001201486205120835,1.9553492069196439,0.4,0.4,c
208,8.845487796821916e+31,46969639525.15323,2.1300093577789356,4312334.831524487,1242186359977811.8,9.291843862065782e+30,0.001193298312982503,1.9599666154223683,0.4,0.4,c
209,8.940290417680447e+31,47272101849.40279,2.131525407714994,4307131.212945711,1241566735064628.0,9.302053818234447e+30,0.0011852359879589837,1.9645828509866168,0.4,0.4,c
210,9.036109097475324e+31,47576298367.915184,2.1330028500510876,4301989.593164604,1240940469243972.5,9.312214830981837e+30,0.0011772968994953818,1.9691979183562576,0.4,0.4,c
211,9.132954725945026e+31,47882237127.35921,2.1344416680497953,4296909.355072483,1240307491341089.8,9.32232807419251e+30,0.0011694787574426223,1.9738118232297344,0.4,0.4,c
212,9.230838309540378e+31,48189926191.79158,2.135841846850863,4291889.883270892,1239667729418399.0,9.33239470282947e+30,0.0011617793114038135,1.9784245722368938,0.4,0.4,c
213,9.329770972675231e+31,48499373642.74075,2.137203373344827,4286930.564207194,1239021110767318.0,9.342415853335972e+30,0.0011541963500864717,1.9830361729158785,0.4,0.4,c
214,9.429763958990497e+31,48810587579.29482,2.138526236047183,4282030.786306153,1238367561900004.2,9.35239264402963e+30,0.0011467277006608117,1.9876466336900633,0.4,0.4,c
215,9.530828632632443e+31,49123576118.19339,2.1398104249731165,4277189.940097518,1237707008540997.8,9.362326175488986e+30,0.0011393712281241746,1.9922559638450836,0.4,0.4,c
216,9.632976479543998e+31,49438347393.92341,2.141055931512923,4272407.41833965,1237039375618782.2,9.372217530932648e+30,0.001132124834671769,1.9968641735059565,0.4,0.4,c
217,9.736219108769882e+31,49754909558.81889,2.1422627483081462,4267682.6161392,1236364587257254.8,9.382067776591142e+30,0.0011249864590738728,2.001471273614318,0.4,0.4,c
218,9.840568253776438e+31,50073270783.16437,2.1434308691284993,4263014.931066888,1235682566767098.8,9.391877962071586e+30,0.0011179540760595538,2.0060772759057817,0.4,0.4,c
219,9.946035773784825e+31,50393439255.30205,2.144560288749651,4258403.763269408,1234993236637070.8,9.401649120715331e+30,0.0011110256957070803,2.0106821928874417,0.4,0.4,c
220,1.005263365511897e+32,50715423181.74261,2.145651002831903,4253848.515577483,1234296518525191.0,9.411382269948678e+30,0.0011041993628410497,2.015286037815542,0.4,0.4,c
221,1.0160374012567556e+32,51039230787.27953,2.1467030077998404,4249348.593610131,1233592333249840.2,9.421078411626796e+30,0.0010974731564363635,2.019888824673295,0.4,0.4,c
222,1.0269269090760942e+32,51364870315.106865,2.147716300722982,4244903.4058751585,1232880600780761.2,9.430738532370981e+30,0.0010908451890290973,2.0244905681489045,0.4,0.4,c
223,1.0379331265563352e+32,51692350026.940346,2.1486908791974826,4240512.363865934,1232161240229958.8,9.440363603899344e+30,0.0010843136061343401,2.02909128361377,0.4,0.4,c
224,1.0490573045478372e+32,52021678203.14185,2.1496267412289547,4236174.882154485,1231434169842513.5,9.449954583351083e+30,0.0010778765856710648,2.0336909871009006,0.4,0.4,c
225,1.0603007073071036e+32,52352863142.847015,2.1505238851164243,4231890.378480955,1230699306987289.0,9.459512413604433e+30,0.0010715323373940474,2.038289695283548,0.4,0.4,c
226,1.0716646126405169e+32,52685913164.09596,2.1513823093374502,4227658.2738394765,1229956568147533.5,9.469038023588417e+30,0.0010652791023329274,2.0428874254540674,0.4,0.4,c
227,1.083150312049439e+32,53020836603.96709,2.152202012434503,4223477.992560503,1229205868911400.8,9.478532328588517e+30,0.0010591151522383764,2.047484195503014,0.4,0.4,c
228,1.09475911087713e+32,53357641818.71376,2.1529829929025444,4219348.962389646,1228447123962344.0,9.487996230546381e+30,0.0010530387890354586,2.052080023898487,0.4,0.4,c
229,1.1064923284569765e+32,53696337183.90392,2.1537252490779366,4215270.614563074,1227680247069430.2,9.497430618353672e+30,0.0010470483442841468,2.0566749296657334,0.4,0.4,c
230,1.1183512982624844e+32,54036931094.56242,2.154428779028623,4211242.383879525,1226905151077534.5,9.506836368140172e+30,0.001041142178647073,2.0612689323670077,0.4,0.4,c
231,1.1303373680588838e+32,54379431965.31606,2.1550935804456604,4207263.708768976,1226121747897433.2,9.516214343556254e+30,0.0010353186813644127,2.0658620520817172,0.4,0.4,c
232,1.142451900056192e+32,54723848230.54125,2.155719650536109,4203334.031358042,1225329948495798.2,9.52556539604983e+30,0.0010295762697360592,2.0704543093868257,0.4,0.4,c
233,1.1546962710640822e+32,55070188344.51417,2.1563069859172974,4199452.797532136,1224529662885076.8,9.534890365137886e+30,0.001023913388610883,2.0750457253375605,0.4,0.4,c
234,1.1670718726484136e+32,55418460781.56337,2.156855582512468,4195619.456994469,1223720800113258.5,9.544190078672693e+30,0.0010183285098832667,2.0796363214484037,0.4,0.4,c
235,1.1795801112892697e+32,55768674036.22476,2.15736543544786,4191833.463321934,1222903268253547.5,9.553465353102816e+30,0.0010128201319967224,2.084226119674375,0.4,0.4,c
236,1.1922224085408598e+32,56120836623.39881,2.157836538951191,4188094.274017928,1222076974393911.2,9.562716993729025e+30,0.001007386779454717,2.088815142392628,0.4,0.4,c
237,1.2050002011931362e+32,56474957078.50997,2.1582688862515735,4184401.3505621874,1221241824626516.5,9.57194579495519e+30,0.0010020270023385737,2.0934034123843386,0.4,0.4,c
238,1.2179149414349688e+32,56831043957.668236,2.1586624694808916,4180754.158457674,1220397724037065.5,9.581152540534279e+30,0.0009967393758324446,2.097990952816914,0.4,0.4,c
239,1.2309680970192424e+32,57189105837.83265,2.159017279576608,4177152.167274591,1219544576694004.0,9.590338003809542e+30,0.0009915224997553746,2.102577787226515,0.4,0.4,c
240,1.2441611514297274e+32,57549151316.97682,2.159333306186017,4173594.850691572,1218682285637615.8,9.599502947950996e+30,0.0009863749981003389,2.107163939500883,0.4,0.4,c
241,1.2574956040495564e+32,57911189014.25631,2.159610537571979,4170081.6865341146,1217810752869010.5,9.608648126187284e+30,0.0009812955185802795,2.111749433862502,0.4,0.4,c
242,1.2709729703316875e+32,58275227570.17774,2.1598489605200855,4166612.1568103144,1216929879338982.8,9.617774282033022e+30,0.0009762827321810439,2.1163342948520785,0.4,0.4,c
243,1.284594781971197e+32,58641275646.7697,2.1600485602472728,4163185.7477439577,1216039564936750.5,9.626882149511714e+30,0.0009713353327212047,2.120918547312328,0.4,0.4,c
244,1.2983625870792333e+32,59009341927.75521,2.160209320311916,4159801.949805039,1215139708478586.0,9.635972453374325e+30,0.0009664520364187191,2.1255022163721162,0.4,0.4,c
245,1.312277950359018e+32,59379435118.725815,2.160331222525338,4156460.25773776,1214230207696312.0,9.645045909313614e+30,0.0009616315814643488,2.130085327430898,0.4,0.4,c
246,1.3263424532837398e+32,59751563947.31707,2.160414246864758,4153160.170586069,1213310959225675.8,9.654103224174296e+30,0.000956872727601776,2.134667906143504,0.4,0.4,c
247,1.3405576942761594e+32,60125737163.38557,2.160458371387694,4149901.191716809,1212381858594608.8,9.663145096159136e+30,0.0009521742557144327,2.1392499784052372,0.4,0.4,c
248,1.3549252888903324e+32,60501963539.18718,2.160463572147762,4146682.8288405235,1211442800211350.2,9.672172215031054e+30,0.0009475349674188554,2.143831570337305,0.4,0.4,c
249,1.3694468699952837e+32,60880251869.55665,2.1604298231118797,4143504.594029992,1210493677352442.0,9.681185262311317e+30,0.0009429536846646304,2.148412708272587,0.4,0.4,c
250,1.3841240879604489e+32,61260610972.08834,2.1603570960788963,4140366.0037365453,1209534382150608.8,9.690184911473914e+30,0.0009384292493407838,2.1529934187417,0.4,0.4,c
251,1.3989586108433045e+32,61643049687.31817,2.160245360599575,4137266.578804227,1208564805582493.5,9.699171828136182e+30,0.0009339605228885803,2.157573728459428,0.4,0.4,c
252,1.4139521245790093e+32,62027576878.90654,2.160094583897945,4134205.844481855,1207584837456263.5,9.708146670245769e+30,0.0009295463859206259,2.162153664311435,0.4,0.4,c
253,1.4291063331718509e+32,62414201433.82236,2.159904730794036,4131183.3304330483,1206594366399097.8,9.717110088264014e+30,0.0009251857378463192,2.166733253341334,0.4,0.4,c
254,1.4444229588890894e+32,62802932262.527885,2.1596757636278925,4128198.570744269,1205593279844516.0,9.726062725345807e+30,0.0009208774965033894,2.1713125227380523,0.4,0.4,c
255,1.4599037424565288e+32,63193778299.1646,2.159407642184961,4125251.103930947,1204581464019598.2,9.735005217516027e+30,0.0009166205977956474,2.1758914998235257,0.4,0.4,c
256,1.4755504432564189e+32,63586748501.73973,2.159100323622733,4122340.4729417353,1203558803932048.2,9.743938193842606e+30,0.000912413995336741,2.1804702120407145,0.4,0.4,c
257,1.4913648395274807e+32,63981851852.313675,2.15875376239867,4119466.22516096,1202525183357121.0,9.75286227660631e+30,0.0009082566600999048,2.185048686941916,0.4,0.4,c
258,1.507348728566859e+32,64379097357.188034,2.1583679101994027,4116627.9124093186,1201480484824423.0,9.761778081467304e+30,0.0009041475800736051,2.1896269521774077,0.4,0.4,c
259,1.5235039269344547e+32,64778494047.094315,2.1579427158711457,4113825.090942878,1200424589604557.0,9.770686217628559e+30,0.0009000857599230199,2.1942050354843796,0.4,0.4,c
260,1.5398322706594503e+32,65180050977.38322,2.1574781253513153,4111057.321450434,1199357377695623.8,9.77958728799619e+30,0.0008960702206572688,2.1987829646761905,0.4,0.4,c
261,1.5563356154488264e+32,65583777228.2145,2.1569740816013634,4108324.1690492854,1198278727809593.5,9.788481889336776e+30,0.0008920999993023219,2.2033607676319082,0.4,0.4,c
262,1.5730158368983345e+32,65989681904.74726,2.156430524540741,4105625.2032794654,1197188517358516.8,9.79737061243173e+30,0.0008881741485795057,2.207938472286163,0.4,0.4,c
263,1.5898748307057346e+32,66397774137.33067,2.155847390982013,4102959.998096501,1196086622440587.8,9.806254042228792e+30,0.0008842917365895115,2.212516106619286,0.4,0.4,c
264,1.6069145128860874e+32,66808063081.695145,2.155224614567099,4100328.131862736,1194972917826071.8,9.815132757990702e+30,0.0008804518465019076,2.217093698647742,0.4,0.4,c
265,1.6241368199895835e+32,67220557919.14377,2.1545621257045866,4097729.187337277,1193847276943069.2,9.824007333441112e+30,0.0008766535762499644,2.22167127641485,0.4,0.4,c
266,1.6415437093217118e+32,67635267856.74408,2.153859851508092,4095162.751664613,1192709571863125.5,9.832878336907811e+30,0.0008728960382307684,2.2262488679817922,0.4,0.4,c
267,1.6591371591655483e+32,68052202127.520065,2.1531177157356995,4092628.416361951,1191559673286701.2,9.841746331463305e+30,0.0008691783590106052,2.230826501418892,0.4,0.4,c
268,1.6769191690066635e+32,68471369990.64439,2.1523356387303685,4090125.7773053246,1190397450528473.8,9.850611875062826e+30,0.0008654996790354266,2.235404204797174,0.4,0.4,c
269,1.694891759760447e+32,68892780731.63072,2.1515135373613297,4087654.434714519,1189222771502478.0,9.859475520679818e+30,0.0008618591523463824,2.2399820061801954,0.4,0.4,c
270,1.713056974001619e+32,69316443662.52632,2.1506513249664576,4085213.993136857,1188035502707106.8,9.868337816438967e+30,0.0008582559463003647,2.2445599336161433,0.4,0.4,c
271,1.7314168761964488e+32,69742368122.10452,2.1497489112955477,4082804.0614298983,1186835509209932.8,9.877199305746811e+30,0.0008546892412954124,2.2491380151301947,0.4,0.4,c
272,1.7499735529374665e+32,70170563476.05743,2.1488061809220493,4080424.2935353345,1185622654632367.5,9.886060527420013e+30,0.0008511582757452623,2.2537162703999774,0.4,0.4,c
273,1.768729113180433e+32,70601039121.8242,2.1478229944035943,4078074.386133742,1184396801134174.2,9.894922016280584e+30,0.0008476623424994813,2.258294711159464,0.4,0.4,c
274,1.7876856884841043e+32,71033804493.10147,2.1467992519775936,4075753.957871333,1183157809397795.8,9.90378430372697e+30,0.0008442006548436357,2.262873365879005,0.4,0.4,c
275,1.8068454332525732e+32,71468869050.4151,2.1457348500609887,4073462.631671657,1181905538612515.5,9.9126479169162e+30,0.0008407724381670367,2.2674522629670313,0.4,0.4,c
276,1.8262105249799382e+32,71906242281.33897,2.144629681197196,4071200.034713797,1180639846458466.0,9.921513378883527e+30,0.0008373769297094676,2.2720314307638536,0.4,0.4,c
277,1.845783164497863e+32,72345933700.71274,2.1434836340038292,4068965.7984096645,1179360589090449.8,9.930381208659984e+30,0.0008340133783123288,2.276610897535662,0.4,0.4,c
278,1.86556557622579e+32,72787952850.85835,2.142296593121198,4066759.5583804264,1178067621121583.5,9.939251921387907e+30,0.0008306810441741726,2.2811906914687907,0.4,0.4,c
279,1.8855600084235647e+32,73232309301.79564,2.1410684391615864,4064580.9544321094,1176760795606788.0,9.948126028434478e+30,0.0008273791986105218,2.285770840664174,0.4,0.4,c
280,1.9057687334470367e+32,73679012651.45662,2.1397990486592184,4062429.630530429,1175439964026082.2,9.957004037503316e+30,0.0008241071238179096,2.2903513731320437,0.4,0.4,c
281,1.9261940480064074e+32,74128072525.89885,2.1384882940209025,4060305.234774879,1174104976267696.5,9.965886452744175e+30,0.0008208641126421025,2.294932316786836,0.4,0.4,c
282,1.9468382734270315e+32,74579498579.51764,2.1371360434773776,4058207.419372124,1172755680611028.2,9.974773774860782e+30,0.0008176494683503669,2.2995136994423047,0.4,0.4,c
283,1.9677037559134846e+32,75033300495.25722,2.1357421610352274,4056135.8406087295,1171391923709382.2,9.983666501216865e+30,0.0008144625044078142,2.30409554880684,0.4,0.4,c
284,1.988792866815988e+32,75489487984.82086,2.134306506429441,4054090.1588232745,1170013550572556.5,9.992565125940407e+30,0.0008113025442576524,2.308677892479,0.4,0.4,c
285,2.0101080029000042e+32,75948070788.87993,2.132828935076514,4052070.0383778764,1168620404549222.8,1.0001470140026163e+31,0.0008081689211053532,2.313260757943221,0.4,0.4,c
286,2.0316515866187273e+32,76409058677.2819,2.1313092980280786,4050075.1476291656,1167212327309115.0,1.0010382031436492e+31,0.0008050609777066468,2.3178441725657337,0.4,0.4,c
287,2.0534260663881978e+32,76872461449.25742,2.1297474419250846,4048105.158898746,1165789158825050.5,1.0019301285200531e+31,0.0008019780661592199,2.32242816359066,0.4,0.4,c
288,2.07543391686566e+32,77338288933.62624,2.128143208952418,4046159.7484431732,1164350737354734.2,1.0028228383511754e+31,0.0007989195476981837,2.3270127581362963,0.4,0.4,c
289,2.097677639230909e+32,77806550989.00224,2.1264964367939783,4044238.596423482,1162896899422371.5,1.0037163805823963e+31,0.0007958847924950929,2.3315979831915707,0.4,0.4,c
290,2.120159761470344e+32,78277257503.99744,2.1248069585882154,4042341.3868742962,1161427479800102.0,1.0046108028945723e+31,0.0007928731794605589,2.3361838656126763,0.4,0.4,c
291,2.1428828386643738e+32,78750418397.42497,2.1230746028840235,4040467.807672549,1159942311489214.8,1.0055061527133305e+31,0.0007898840960503639,2.340770432119878,0.4,0.4,c
292,2.1658494532779056e+32,79226043618.50117,2.1212991935970056,4038617.550505846,1158441225701162.5,1.006402477218216e+31,0.0007869169380749878,2.34559329234592,0.4,0.4,c
293,2.1890622154536325e+32,79704143147.04665,2.11948054996612,4036790.310840495,1156924051838392.8,1.007299823351695e+31,0.0007839711095125087,2.3507554209909904,0.4,0.4,c
294,2.2125237633087763e+32,80184726993.68637,2.1176184865106,4034985.787889238,1155390617474952.2,1.0081982378280192e+31,0.0007810460223248343,2.355920454459456,0.4,0.4,c
295,2.2362367632350186e+32,80667805200.04892,2.115712812987162,4033203.684578699,1153840748336882.8,1.0090977671419525e+31,0.0007781410962771378,2.3610884140238126,0.4,0.4,c
296,2.2602039102013186e+32,81153387838.96474,2.1137633343475244,4031443.707516589,1152274268282432.2,1.0099984575773652e+31,0.0007752557587605174,2.3662593208791827,0.4,0.4,c
297,2.2844279280603006e+32,81641485014.66342,2.111769850696108,4029705.5669586784,1150690999282025.0,1.010900355215698e+31,0.0007723894446177681,2.3714331961406847,0.4,0.4,c
298,2.308911569857932e+32,82132106862.9702,2.109732157247968,4027988.9767755703,1149090761398025.8,1.0118035059442984e+31,0.0007695415959722182,2.3766100608409104,0.4,0.4,c
299,2.3336576181461824e+32,82625263551.5015,2.107650044286931,4026293.6544192955,1147473372764300.8,1.0127079554646341e+31,0.0007667116620595653,2.3817899359275567,0.4,0.4,c
300,2.358668885299369e+32,83120965279.85953,2.1055232971238755,4024619.3208897496,1145838649565544.2,1.0136137493003851e+31,0.0007638990990626933,2.3869728422611423,0.4,0.4,c
301,2.3839482138338976e+32,83619222279.8261,2.1033516960551273,4022965.7007009936,1144186406016378.5,1.0145209328054186e+31,0.0007611033699493352,2.392158800612861,0.4,0.4,c
302,2.4094984767310827e+32,84120044815.55556,2.101135016321031,4021332.521847443,1142516454340255.8,1.015429551171648e+31,0.0007583239443126475,2.397347831662547,0.4,0.4,c
303,2.4353225777637742e+32,84623443183.76682,2.0988730280645544,4019719.515769959,1140828604748109.8,1.016339649436781e+31,0.0007555602982144606,2.402539955996741,0.4,0.4,c
304,2.46142345182649e+32,85129427713.9346,2.096565496289966,4018126.417321867,1139122665416777.5,1.0172512724919572e+31,0.0007528119140313747,2.407735194106871,0.4,0.4,c
305,2.4878040652686866e+32,85638008768.47989,2.0942121808216023,4016552.964734916,1137398442467218.2,1.018164465089281e+31,0.0007500782803034447,2.4129335663875304,0.4,0.4,c
306,2.514467416232203e+32,86149196742.95943,2.091812836262585,4014998.8995852014,1135655739942457.8,1.0190792718492496e+31,0.0007473588915855036,2.41813509313487,0.4,0.4,c
307,2.5414165349917157e+32,86663002066.2546,2.089367211953603,4013463.966759062,1133894359785335.2,1.0199957372680786e+31,0.0007446532483011005,2.4233397945450665,0.4,0.4,c
308,2.5686544842992487e+32,87179435200.75934,2.0868750519316377,4011947.914418976,1132114101815989.0,1.0209139057249323e+31,0.0007419608565988876,2.4285476907129078,0.4,0.4,c
309,2.5961843597323786e+32,87698506642.56746,2.0843360948886227,4010450.493969462,1130314763709095.0,1.021833821489055e+31,0.0007392812282115244,2.433758801630458,0.4,0.4,c
310,2.6240092900457952e+32,88220226921.65904,2.0817500741301003,4008971.46002301,1128496140970891.0,1.0227555287268107e+31,0.0007366138803169745,2.43897314718582,0.4,0.4,c
311,2.652132437527007e+32,88744606602.08617,2.0791167175337337,4007510.5703660487,1126658026915927.2,1.0236790715086308e+31,0.0007339583354021752,2.4441907471619704,0.4,0.4,c
312,2.6805569983558646e+32,89271656282.15787,2.076435747507719,4006067.585924966,1124800212643567.6,1.024604493815873e+31,0.0007313141211290332,2.4494116212357,0.4,0.4,c
313,2.709286202967544e+32,89801386594.62442,2.0737068809491097,4004642.2707322,1122922487014266.4,1.025531839547595e+31,0.0007286807702026809,2.454635788976625,0.4,0.4,c
314,2.7383233164198137e+32,90333808206.86082,2.0709298292019507,4003234.3918924057,1121024636625562.8,1.0264611525272431e+31,0.0007260578202419684,2.4598632698462652,0.4,0.4,c
315,2.7676716387642406e+32,90868931821.0497,2.0681042980152444,4001843.7195487153,1119106445787819.6,1.0273924765092593e+31,0.0007234448136521057,2.4650940831972274,0.4,0.4,c
316,2.7973345054209725e+32,91406768174.36339,2.065229987500774,4000470.026849101,1117167696499727.9,1.0283258551856096e+31,0.0007208412974994989,2.4703282482724322,0.4,0.4,c
317,2.8273152875579382e+32,91947328039.1455,2.0623065920906782,3999113.089912852,1115208168423522.0,1.0292613321922337e+31,0.0007182468233885967,2.4755657842044436,0.4,0.4,c
318,2.8576173924741188e+32,92490622223.09164,2.059333800494796,3997772.6877971776,1113227638859929.6,1.0301989511154206e+31,0.0007156609473408435,2.4808067100148357,0.4,0.4,c
319,2.8882442639865087e+32,93036661569.42972,2.056311295657821,3996448.602463945,1111225882722880.1,1.0311387554981103e+31,0.0007130832296756107,2.4860510446136512,0.4,0.4,c
320,2.9191993828216405e+32,93585456957.0994,2.053238754716144,3995140.6187465587,1109202672513914.6,1.0320807888461248e+31,0.000710513234893078,2.4912988067989215,0.4,0.4,c
321,2.9504862670113112e+32,94137019300.93105,2.0501158489544196,3993848.524316999,1107157778296321.8,1.0330250946343303e+31,0.0007079505315590492,2.4965500152562314,0.4,0.4,c
322,2.98210847229212e+32,94691359551.82416,2.046942243761877,3992572.1096530184,1105090967669022.8,1.033971716312731e+31,0.0007053946921916465,2.5018046885583707,0.4,0.4,c
323,3.0140695925097164e+32,95248488696.92497,2.0437175985882803,3991311.16800551,1103002005740152.6,1.0349206973124994e+31,0.0007028452931498104,2.5070628451650236,0.4,0.4,c
324,3.046373260027387e+32,95808417759.80373,2.0404415668995477,3990065.4953660537,1100890655100352.9,1.0358720810519426e+31,0.0007003019145236442,2.5123245034225263,0.4,0.4,c
325,3.079023146138578e+32,96371157800.63126,2.037113796133077,3988834.8904346516,1098756675795810.0,1.0368259109424063e+31,0.0006977641400264771,2.5175896815636745,0.4,0.4,c
326,3.1120229614842815e+32,96936719916.35503,2.0337339276526576,3987619.1545876507,1096599825300975.4,1.037782230394121e+31,0.0006952315568886649,2.522858397707579,0.4,0.4,c
327,3.1453764564748988e+32,97505115240.87471,2.030301596702999,3986418.0918458686,1094419858490992.2,1.0387410828219882e+31,0.0006927037557530729,2.528130669859588,0.4,0.4,c
328,3.179087421716172e+32,98076354945.21718,2.0268164323639195,3985231.508842924,1092216527613857.5,1.039702511651313e+31,0.0006901803305722013,2.533406515911239,0.4,0.4,c
329,3.2131596884401322e+32,98650450237.711,2.023278057504065,3984059.2147937785,1089989582262254.6,1.04066656032348e+31,0.0006876608785069306,2.538685953640265,0.4,0.4,c
330,3.247597128940676e+32,99227412364.16049,2.019686088734203,3982901.0214634934,1087738769345085.1,1.0416332723015785e+31,0.0006851449998268068,2.5439690007106535,0.4,0.4,c
331,3.282403657013337e+32,99807252608.01926,2.01604013636013,3981756.743136213,1085463833058724.5,1.0426026910759748e+31,0.0006826322978119272,2.549255674672737,0.4,0.4,c
332,3.317583228400237e+32,100389982290.56326,2.0123398043350624,3980626.196584372,1083164514857941.5,1.0435748601698375e+31,0.000680122378656275,2.5545597633119668,0.4,0.4,c
333,3.3531398412398245e+32,100975612771.06348,2.0085846901241666,3979509.201210861,1080840553426502.6,1.0445498231446122e+31,0.0006776148515306601,2.5598880672197817,0.4,0.4,c
334,3.389077536520876e+32,101564155446.98633,2.0047743846984143,3978405.5789362486,1078491684647499.0,1.0455276236056793e+31,0.0006751093284111785,2.565219350045578,0.4,0.4,c
335,3.425400398542193e+32,102155621754.17996,2.000908472664694,3977315.1538140853,1076117641573301.5,1.0465083052078606e+31,0.0006726054236630152,2.570553637151178,0.4,0.4,c
336,3.462112555376391e+32,102750023167.00131,1.9969865320823004,3976237.7522650785,1073718154395246.5,1.0474919116604207e+31,0.00067010275419278,2.5758909536838646,0.4,0.4,c
337,3.499218179339219e+32,103347371198.48712,1.9930081344128074,3975173.2030475126,1071292950412962.1,1.0484784867323663e+31,0.0006676009393589355,2.581231324577626,0.4,0.4,c
338,3.536721487463913e+32,103947677400.52454,1.988972844469395,3974121.3372279196,1068841754003365.1,1.0494680742577067e+31,0.0006650996008834898,2.5865747745544265,0.4,0.4,c
339,3.5746267419801176e+32,104550953364.02142,1.9848802203656777,3973081.9881520034,1066364286589357.8,1.050460718140675e+31,0.00066259836276504,2.591921328125506,0.4,0.4,c
340,3.612938250798456e+32,105157210719.07625,1.980729813463905,3972054.9914158154,1063860266608157.5,1.0514564623609117e+31,0.0006600968511930153,2.5972710095927307,0.4,0.4,c
341,3.6516603680002974e+32,105766461135.14766,1.9765211683225747,3971040.1848371886,1061329409479285.5,1.0524553509786135e+31,0.000657594694463173,2.602623843049964,0.4,0.4,c
342,3.690797494332245e+32,106378716321.22382,1.9722538226435085,3970037.40842743,1058771427572247.2,1.053457428139646e+31,0.0006550915228942854,2.6079798523844606,0.4,0.4,c
343,3.730354077706454e+32,106993988025.99129,1.9679273072182584,3969046.5043632747,1056186030173832.4,1.0544627380806237e+31,0.0006525869687459905,2.6133390612783045,0.4,0.4,c
344,3.770334613706313e+32,107612288038.00374,1.9635411458738843,3968067.3169591017,1053572923455063.2,1.0554713251339588e+31,0.00065008066613779,2.6187014932098576,0.4,0.4,c
345,3.810743646097008e+32,108233628185.85036,1.9590948554181595,3967099.692639414,1050931810437824.0,1.0564832337328784e+31,0.0006475722509691744,2.624067171455242,0.4,0.4,c
346,3.8515857673420925e+32,108858020338.32391,1.9545879455840691,3966143.4799115853,1048262390961099.8,1.057498508416413e+31,0.0006450613608408137,2.629436119089846,0.4,0.4,c
347,3.892865619125611e+32,109485476404.5887,1.950019918973633,3965198.5293388693,1045564361646848.9,1.0585171938343555e+31,0.0006425476349768219,2.6348083589898406,0.4,0.4,c
348,3.934587892879248e+32,110116008334.34816,1.945390271001131,3964264.6935136816,1042837415865550.0,1.059539334752196e+31,0.0006400307141480869,2.6401839138337326,0.4,0.4,c
349,3.976757330315692e+32,110749628118.0123,1.9406984898355706,3963341.827031147,1040081243701340.6,1.0605649760560274e+31,0.0006375102405965721,2.645562806103913,0.4,0.4,c
350,4.019378723967725e+32,111386347786.86485,1.9359440563424544,3962429.7864629147,1037295531916783.8,1.0615941627574296e+31,0.0006349858579606469,2.650945058088256,0.4,0.4,c
351,4.0624569177325e+32,112026179413.23038,1.9311264440249054,3961528.430331245,1034479963917292.9,1.0626269399983283e+31,0.0006324572112013569,2.6563306918816956,0.4,0.4,c
352,4.105996807422246e+32,112669135110.641,1.9262451189640009,3960637.619083365,1031634219715139.4,1.0636633530558326e+31,0.0006299239465296678,2.6617197293878467,0.4,0.4,c
353,4.150003341320868e+32,113315227034.00313,1.9212995397583674,3959757.2150660916,1028757975893072.6,1.0647034473470514e+31,0.0006273857113345946,2.6671121923206242,0.4,0.4,c
354,4.1944815207459236e+32,113964467379.76392,1.9162891574631014,3958887.0825007283,1025850905567589.4,1.0657472684338891e+31,0.0006248421541122729,2.672508102205872,0.4,0.4,c
355,4.239436400617213e+32,114616868386.07762,1.9112134155278606,3958027.087458228,1022912678351771.8,1.066794862027824e+31,0.0006222929243958856,2.6779074803830207,0.4,0.4,c
356,4.284873090031479e+32,115272442332.97183,1.9060717497341801,3957177.097834627,1019942960317724.2,1.0678462739946667e+31,0.0006197376726864341,2.6833103480067315,0.4,0.4,c
357,4.3307967528425695e+32,115931201542.5136,1.9008635881320906,3956336.9833267466,1016941413958655.5,1.0689015503593044e+31,0.0006171760503843951,2.688716726048573,0.4,0.4,c
358,4.377212608248862e+32,116593158378.97537,1.8955883509758173,3955506.6154081644,1013907698150483.4,1.0699607373104271e+31,0.0006146077097221304,2.6941266352986744,0.4,0.4,c
359,4.4241259313859324e+32,117258325249.00098,1.8902454506587998,3954685.867305453,1010841468113099.9,1.071023881205241e+31,0.0006120323036971592,2.699540096367424,0.4,0.4,c
360,4.47154205392628e+32,117926714601.77136,1.8848342916478082,3953874.613974686,1007742375371172.1,1.0720910285741665e+31,0.0006094494860061594,2.7049571296871413,0.4,0.4,c
361,4.519466364685488e+32,118598338929.1704,1.8793542704162296,3953072.732078208,1004610067714524.4,1.0731622261255256e+31,0.0006068589109797459,2.710377755513763,0.4,0.4,c
362,4.567904310234227e+32,119273210765.95058,1.8738047753765958,3952280.099961675,1001444189158138.4,1.0742375207502165e+31,0.0006042602335180039,2.71580199392855,0.4,0.4,c
363,4.6168613955174654e+32,119951342689.89865,1.868185186812179,3951496.597631353,998244379901680.9,1.075316959526377e+31,0.0006016531090267289,2.721229864839768,0.4,0.4,c
364,4.6663431844803336e+32,120632747322.00125,1.8624948768077227,3950722.106731686,995010276288599.2,1.0764005897240392e+31,0.0005990371933543597,2.726661387984398,0.4,0.4,c
365,4.716355300700014e+32,121317437326.61053,1.8567332091793776,3949956.5105231195,991741510764819.0,1.0774884588097759e+31,0.0005964121427296477,2.732096582929822,0.4,0.4,c
366,4.766903428025077e+32,122005425411.6097,1.8508995394036798,3949199.6938601923,988437711836959.2,1.0785806144513375e+31,0.0005937776136999418,2.73753546907554,0.4,0.4,c
367,4.817993311221684e+32,122696724328.57864,1.84499321454562,3948451.5431698817,985098504030096.6,1.0796771045222832e+31,0.000591133263070166,2.7429780656548517,0.4,0.4,c
368,4.869630756626012e+32,123391346872.95956,1.8390135731858936,3947711.9464302096,981723507845122.0,1.080777977106606e+31,0.0005884787478424236,2.748424391736573,0.4,0.4,c
369,4.9218216328043694e+32,124089305884.22258,1.8329599453471486,3946980.7931491053,978312339715597.2,1.0818832805033526e+31,0.000585813725156233,2.753874466226725,0.4,0.4,c
370,4.974571871220398e+32,124790614246.03142,1.8268316524193011,3946257.9743435225,974864611964146.1,1.0829930632312392e+31,0.0005831378522293578,2.7593283078702244,0.4,0.4,c
371,5.027887466908703e+32,125495284886.40918,1.8206280070839922,3945543.3825188116,971379932758427.1,1.0841073740332638e+31,0.0005804507862992479,2.7647859352525948,0.4,0.4,c
372,5.081774479156416e+32,126203330777.90407,1.8143483132380083,3944836.911648342,967857906066585.0,1.085226261881316e+31,0.0005777521845650559,2.7702473668016334,0.4,0.4,c
373,5.1362390321920884e+32,126914764937.75528,1.8079918659157361,3944138.457153375,964298131612227.2,1.0863497759807851e+31,0.0005750417041302143,2.775712620789118,0.4,0.4,c
374,5.191287315881205e+32,127629600428.05896,1.8015579512107311,3943447.9158831877,960700204828964.6,1.0874779657751687e+31,0.0005723190019455768,2.781181715332479,0.4,0.4,c
375,5.2469255864299054e+32,128347850355.93422,1.7950458461962049,3942765.1860954408,957063716814415.8,1.0886108809506792e+31,0.0005695837347530917,2.786654668396473,0.4,0.4,c
376,5.303160167096259e+32,129069527873.68929,1.7884548188445202,3942090.167436792,953388254283719.4,1.0897485714408527e+31,0.0005668355590299936,2.7921314977948684,0.4,0.4,c
377,5.3599974489083845e+32,129794646178.98776,1.781784127945763,3941422.7609237544,949673399522597.8,1.0908910874311602e+31,0.0005640741309335428,2.7976122211920944,0.4,0.4,c
378,5.41744389139104e+32,130523218515.01503,1.7750330230252065,3940762.8689237926,945918730339868.4,1.0920384793636193e+31,0.0005612991062462295,2.8030968561049123,0.4,0.4,c
379,5.475506023300016e+32,131255258170.64473,1.7682007442597303,3940110.395136662,942123820019441.9,1.093190797941411e+31,0.0005585101403214869,2.8085854199040643,0.4,0.4,c
380,5.53419044336359e+32,131990778480.60548,1.7612865223933083,3939465.244575982,938288237271863.6,1.0943480941335e+31,0.0005557068880298947,2.8140779298159218,0.4,0.4,c
381,5.593503821032734e+32,132729792825.64766,1.7542895786513266,3938827.3235510485,934411546185278.8,1.09551041917926e+31,0.0005528890037058455,2.8195744029241228,0.4,0.4,c
382,5.6534528972393674e+32,133472314632.7104,1.7472091246538475,3938196.5396488747,930493306175873.6,1.0966778245931048e+31,0.000550056141094643,2.825074856171204,0.4,0.4,c
383,5.714044485161916e+32,134218357375.0888,1.740044362327886,3937572.801716467,926533071937839.4,1.0978503621691255e+31,0.0005472079533001107,2.8305793063602196,0.4,0.4,c
384,5.7752854709998925e+32,134967934572.60126,1.7327944838185019,3936956.0198433287,922530393392745.9,1.0990280839857352e+31,0.000544344092732594,2.8360877701563596,0.4,0.4,c
385,5.837182814756799e+32,135721059791.75699,1.725458671398779,3936346.105344192,918484815638370.6,1.1002110424103222e+31,0.0005414642110573799,2.841600264088557,0.4,0.4,c
386,5.8997435510304646e+32,136477746645.92384,1.7180360973788198,3935742.9707419723,914395878897043.8,1.101399290103911e+31,0.0005385679591436194,2.847116804551078,0.4,0.4,c
387,5.9629747898132814e+32,137238008795.49625,1.7105259240134267,3935146.529750949,910263118463344.2,1.102592880025833e+31,0.0005356549870135542,2.852637407805114,0.4,0.4,c
388,6.026883717299586e+32,138001859948.06342,1.7029273034088304,3934556.697260163,906086064651330.2,1.1037918654384088e+31,0.0005327249437922602,2.858162089980363,0.4,0.4,c
389,6.0914775967026475e+32,138769313858.57782,1.695239377428146,3933973.389317037,901864242741141.1,1.1049962999116386e+31,0.0005297774776577043,2.8636908670765866,0.4,0.4,c
390,6.15676376908043e+32,139540384329.5238,1.6874612775956674,3933396.5231112107,897597172925025.2,1.1062062373279073e+31,0.0005268122357912326,2.869223754965172,0.4,0.4,c
391,6.222749654169304e+32,140315085211.08655,1.6795921250000996,3932826.0169585873,893284370252849.6,1.1074217318867e+31,0.0005238288643284594,2.874760769390689,0.4,0.4,c
392,6.2894427512275884e+32,141093430401.3213,1.6716310301964936,3932261.7902855976,888925344576967.2,1.1086428381093317e+31,0.0005208270083105144,2.8803019259724136,0.4,0.4,c
393,6.3568506398881496e+32,141875433846.32278,1.6635770931069804,3931703.7636136687,884519600496489.2,1.1098696108436903e+31,0.0005178063116356458,2.8858472402058615,0.4,0.4,c
394,6.4249809810192085e+32,142661109540.39502,1.65542940292041,3931151.858543906,880066637301025.1,1.111102105268994e+31,0.0005147664170112557,2.8913967274643007,0.4,0.4,c
395,6.493841517595294e+32,143450471526.22128,1.6471870379906546,3930605.997741974,875565948913756.6,1.112340376900564e+31,0.0005117069659062479,2.896950403000256,0.4,0.4,c
396,6.56344007557755e+32,144243533895.03452,1.638849065733671,3930066.1049231873,871017023833901.0,1.1135844815946144e+31,0.0005086275985037377,2.90250828194701,0.4,0.4,c
397,6.633784564802521e+32,145040310786.78787,1.6304145425234366,3929532.1048377985,866419345078621.2,1.1148344755530565e+31,0.0005055279536541673,2.908070379320068,0.4,0.4,c
398,6.704882979881407e+32,145840816390.3258,1.621882513586505,3929003.923256486,861772390124250.9,1.1160904153283215e+31,0.0005024076688287438,2.913636710018653,0.4,0.4,c
399,6.776743401108983e+32,146645064943.55524,1.6132520128952847,3928481.48695604,857075630846886.2,1.117352357828202e+31,0.000499266380073209,2.919207288827139,0.4,0.4,c
400,6.849373995381264e+32,147453070733.61722,1.6045220630601555,3927964.72370524,852328533462410.1,1.118620360320711e+31,0.0004961037219620176,2.9247821304165162,0.4,0.4,c
401,6.92278301712399e+32,148264848097.05884,1.595691675220163,3927453.5622509294,847530558465805.0,1.11989448043896e+31,0.0004929193275528332,2.930361249345822,0.4,0.4,c
402,6.996978809231079e+32,149080411420.00552,1.586759848932395,3926947.932304276,842681160569816.5,1.121174776186059e+31,0.0004897128283413581,2.9359446600635595,0.4,0.4,c
403,7.071969804012119e+32,149899775138.3338,1.5777255720601646,3926447.764527223,837779788643026.0,1.1224613059400342e+31,0.000486483854216569,2.9415323769091155,0.4,0.4,c
404,7.147764524151025e+32,150722953737.84415,1.5685878206597208,3925952.9905191245,832825885647193.1,1.123754128458771e+31,0.0004832320334162509,2.9471244141141617,0.4,0.4,c
405,7.224371583674993e+32,151549961754.43448,1.559345558865608,3925463.5428035664,827818888573925.0,1.1250533028849747e+31,0.00047995699248291006,2.952720785804037,0.4,0.4,c
406,7.301799688932782e+32,152380813774.2739,1.5499977387747885,3924979.354815368,822758228380736.0,1.1263588887511572e+31,0.0004766583562200538,2.958321505999125,0.4,0.4,c
407,7.380057639584528e+32,153215524433.97678,1.540543300329253,3924500.3608877626,817643329926354.6,1.1276709459846456e+31,0.00047333574764880985,2.9639265886162196,0.4,0.4,c
408,7.459154329602184e+32,154054108420.7774,1.530981171197239,3924026.496239756,812473611905334.5,1.1289895349126148e+31,0.0004699887879649108,2.9695360474698735,0.4,0.4,c
409,7.539098748279476e+32,154896580472.70486,1.5213102666531848,3923557.69696366,807248486782044.0,1.1303147162671456e+31,0.0004666170964960811,2.975149896273743,0.4,0.4,c
410,7.619899981254497e+32,155742955378.75842,1.5115294894560407,3923093.9000128,801967360723830.5,1.1316465511903068e+31,0.0004632202906597471,2.980768148641906,0.4,0.4,c
411,7.701567211541436e+32,156593247979.08325,1.5016377297263657,3922635.043189392,796629633533586.2,1.1329851012392643e+31,0.00045979798592118396,2.9863908180901864,0.4,0.4,c
412,7.784109720574575e+32,157447473165.14667,1.4916338648218261,3922181.0651325886,791234698581513.6,1.134330428391417e+31,0.00045634979575201576,2.992017918037443,0.4,0.4,c
413,7.867536889263513e+32,158305645879.91467,1.4815167592112242,3921731.905306694,785781942736155.8,1.1356825950495588e+31,0.0004528753315891132,2.9976494618068794,0.4,0.4,c
414,7.951858199058538e+32,159167781118.02917,1.4712852643471843,3921287.5039895414,780270746294764.4,1.1370416640470696e+31,0.00044937420279395437,3.0032854626273027,0.4,0.4,c
415,8.037083233028561e+32,160033893925.9853,1.4609382185372113,3920847.8022610336,774700482912846.6,1.1384076986531343e+31,0.0004458460166123463,3.0089259336344005,0.4,0.4,c
416,8.123221676950626e+32,160903999402.30942,1.450474446813227,3920412.741991845,769070519532954.1,1.1397807625779916e+31,0.0004422903781345928,3.0145708878719857,0.4,0.4,c
417,8.21028332040991e+32,161778112697.7376,1.4398927607997352,3919982.265832282,763380216312788.5,1.1411609199782118e+31,0.00043870689025615755,3.0202203382932415,0.4,0.4,c
418,8.298278057912684e+32,162656249015.39447,1.4291919585802957,3919556.3172013005,757628926552458.1,1.142548235462006e+31,0.00043509515363874564,3.0258742977619555,0.4,0.4,c
419,8.38721589001124e+32,163538423610.97244,1.4183708245624413,3919134.840275675,751815996620953.2,1.1439427740945658e+31,0.00043145476667186223,3.031532779053727,0.4,0.4,c
420,8.477106924439628e+32,164424651792.91168,1.4074281293411752,3918717.7799793263,745940765881914.5,1.1453446014034353e+31,0.0004277853254349303,3.037195794857176,0.4,0.4,c
421,8.567961377262795e+32,165314948922.58038,1.3963626295607294,3918305.081972794,740002566618525.6,1.1467537833839148e+31,0.00042408642365987477,3.042863357775131,0.4,0.4,c
422,8.659789574038066e+32,166209330414.45544,1.385173067774716,3917896.6926428615,734000723957599.4,1.1481703865044989e+31,0.000420357652694261,3.048535480325813,0.4,0.4,c
423,8.75260195098779e+32,167107811736.3039,1.3738581723048209,3917492.5590923256,727934555792934.5,1.1495944777123463e+31,0.0004165986014650468,3.054212174944001,0.4,0.4,c
424,8.846409056185835e+32,168010408409.36462,1.3624166570976965,3917092.629129913,721803372707764.5,1.151026124438787e+31,0.0004128088564428831,3.059893453982191,0.4,0.4,c
425,8.941221550756801e+32,168917136008.53067,1.3508472215802116,3916696.8512603384,715606477896380.8,1.1524653946048611e+31,0.0004089880016070487,3.0655793297117317,0.4,0.4,c
426,9.037050210086785e+32,169828010162.53207,1.3391485505131824,3916305.174674504,709343167084993.9,1.1539123566268955e+31,0.0004051356184110938,3.0712698143239687,0.4,0.4,c
427,9.133905925048431e+32,170743046554.11923,1.3273193138432673,3915917.5492398385,703012728451667.5,1.1553670794221168e+31,0.0004012512857491296,3.0769649199313465,0.4,0.4,c
428,9.23179970323912e+32,171662260920.2466,1.315358166553149,3915533.925490774,696614442545388.6,1.1568296324143e+31,0.00039733457992284423,3.0826646585685333,0.4,0.4,c
429,9.330742670231082e+32,172585669052.25735,1.3032637485101688,3915154.254619359,690147582204361.1,1.1583000855394559e+31,0.00039338507460935906,3.0883690421935115,0.4,0.4,c
430,9.430746070836256e+32,173513286796.06805,1.2910346843130558,3914778.488466001,683611412473335.6,1.1597785092515564e+31,0.0003894023408298433,3.094078082688656,0.4,0.4,c
431,9.531821270384719e+32,174445130052.3543,1.2786695831368986,3914406.5795103484,677005190520050.1,1.1612649745282986e+31,0.000385385946919011,3.099791791861809,0.4,0.4,c
432,9.63397975601543e+32,175381214776.73672,1.2661670385765191,3914038.480862296,670328165550868.1,1.1627595528769087e+31,0.00038133545849557674,3.1055101814473516,0.4,0.4,c
433,9.737233137982193e+32,176321556979.96747,1.2535256284878844,3913674.146253123,663579578725421.8,1.1642623163399864e+31,0.00037725043843365704,3.1112332631072404,0.4,0.4,c
434,9.841593150973634e+32,177266172728.11743,1.2407439148277042,3913313.5300267553,656758663070336.1,1.1657733375013888e+31,0.00037313044683520593,3.116961048432047,0.4,0.4,c
435,9.947071655445893e+32,178215078142.764,1.2278204434913889,3912956.587131155,649864643392127.6,1.1672926894921575e+31,0.0003689750410036229,3.122693548941992,0.4,0.4,c
436,1.0053680638971026e+33,179168289401.17926,1.2147537441489735,3912603.273109832,642896736189070.4,1.1688204459964877e+31,0.00036478377541849177,3.1284307760879506,0.4,0.4,c
437,1.0161432217599885e+33,180125822736.51883,1.2015423300791852,3912253.544093476,635854149562119.0,1.1703566812577385e+31,0.0003605562017115786,3.134172741252468,0.4,0.4,c
438,1.0270338637237947e+33,181087694438.0114,1.1881846980018302,3911907.356791713,628736083124985.4,1.1719014700844894e+31,0.0003562918686442715,3.1399194557507393,0.4,0.4,c
439,1.0380412275038382e+33,182053920851.1487,1.1746793279079677,3911564.6684849733,621541727913086.4,1.1734548878566382e+31,0.0003519903220863507,3.1456709308315998,0.4,0.4,c
440,1.0491665640807542e+33,183024518377.8762,1.1610246828884805,3911225.437016483,614270266291682.9,1.1750170105315456e+31,0.0003476511049964308,3.151427177678496,0.4,0.4,c
441,1.0604111378427185e+33,183999503476.78412,1.1472192089604916,3910889.6207843656,606920871862921.9,1.176587914650225e+31,0.0003432737574040024,3.1571882074104365,0.4,0.4,c
442,1.0717762267291974e+33,184978892663.29956,1.1332613348918203,3910557.1787338606,599492709371881.8,1.1781676773435776e+31,0.0003388578163932667,3.162954031082949,0.4,0.4,c
443,1.0832631223760807e+33,185962702509.8787,1.119149472023655,3910228.070349651,591984934611714.1,1.1797563763386762e+31,0.00033440281608897415,3.168724659689022,0.4,0.4,c
444,1.0948731302625272e+33,186950949646.19998,1.1048820140910274,3909902.2556483033,584396694327664.0,1.181354089965094e+31,0.0003299082876442649,3.174500104160016,0.4,0.4,c
445,1.1066075698593853e+33,187943650759.35767,1.0904573370412693,3909579.695170817,576727126120063.6,1.182960897161284e+31,0.00032537375923077423,3.180280375366599,0.4,0.4,c
446,1.1184677747790432e+33,188940822594.05627,1.0758737988506244,3909260.349975277,568975358346388.9,1.184576877481006e+31,0.0003207987560312189,3.1860654841196387,0.4,0.4,c
447,1.1304550929270462e+33,189942481952.80536,1.0611297393386008,3908944.181629618,561140510022162.4,1.1862021110998037e+31,0.0003161828002345292,3.1918554411711058,0.4,0.4,c
448,1.1425708866553406e+33,190948645696.11514,1.0462234799802397,3908631.152204489,553221690720793.1,1.1878366788215312e+31,0.0003115254110338416,3.1976502572149546,0.4,0.4,c
449,1.1548165329169956e+33,191959330742.69272,1.0311533237164792,3908321.22426622,545218000472449.44,1.1894806620849323e+31,0.0003068261046276279,3.2034499428880068,0.4,0.4,c
450,1.1671934234227452e+33,192974554069.6389,1.015917554762199,3908014.360869895,537128529661742.75,1.1911341429702695e+31,0.0003020843942240908,3.209254508770808,0.4,0.4,c
451,1.179702964799215e+33,193994332712.64557,1.000514438412102,3907710.525552521,528952358924310.25,1.1927972042060065e+31,0.0002972997900492105,3.2150639653884796,0.4,0.4,c
452,1.1923465787486701e+33,195018683766.1941,0.9849422208446466,3907409.6823262945,520688559042402.3,1.1944699291755433e+31,0.0002924717993588097,3.220878323211576,0.4,0.4,c
453,1.2051257022106462e+33,196047624383.75385,0.9691991289235761,3907111.7956719687,512336190839240.4,1.1961524019240057e+31,0.0002875999264548705,3.226697592656911,0.4,0.4,c
454,1.2180417875253175e+33,197081171777.9818,0.9532833699972272,3906816.8305323147,503894305072238.4,1.1978447071650883e+31,0.00028268367270656937,3.232521784088382,0.4,0.4,c
455,1.2310963025984363e+33,198119343220.9227,0.9371931316958213,3906524.752305677,495361942325196.7,1.199546930287954e+31,0.00027772253657654697,3.2383509078177943,0.4,0.4,c
456,1.2442907310682175e+33,199162156044.20975,0.9209265817262816,3906235.526839623,486738132899225.75,1.2012591573641876e+31,0.0002727160136527641,3.2441849741056563,0.4,0.4,c
457,1.2576265724740152e+33,200209627639.26617,0.9044818676647577,3905949.120424683,478021896702497.44,1.2029814751548084e+31,0.00026766359668658834,3.250023993161982,0.4,0.4,c
458,1.2711053424266228e+33,201261775457.50735,0.8878571167470753,3905665.4997881814,469212243138935.0,1.204713971117338e+31,0.00026256477563777635,3.2558679751470785,0.4,0.4,c
459,1.2847285727805811e+33,202318617010.54367,0.8710504356566283,3905384.6320881564,460308170995591.56,1.206456733412927e+31,0.00025741903772694824,3.2617169301723186,0.4,0.4,c
460,1.2984978118083363e+33,203380169870.384,0.8540599103099099,3905106.484907369,451308668328816.8,1.2082098509135415e+31,0.0002522258674963995,3.2675708683009126,0.4,0.4,c
461,1.312414624376054e+33,204446451669.64005,0.8368836056399295,3904831.026247397,442212712349343.9,1.2099734132092076e+31,0.0002469847468802197,3.273429799548667,0.4,0.4,c
462,1.326480592121633e+33,205517480101.73114,0.819519565376833,3904558.224522815,433019269305936.44,1.211747510615317e+31,0.00024169515528456645,3.279293733884738,0.4,0.4,c
463,1.3406973136343107e+33,206593272921.09003,0.8019658118264867,3904288.048555459,423727294367995.2,1.213532234179994e+31,0.00023635656967947277,3.285162681232365,0.4,0.4,c
464,1.3550664046364024e+33,207673847943.36902,0.78422034564635,3904020.467568773,414335731506770.4,1.2153276756915234e+31,0.00023096846470331184,3.291036651469608,0.4,0.4,c
465,1.369589498166997e+33,208759223045.6472,0.7662811456188572,3903755.451182237,404843513375293.7,1.217133927685842e+31,0.00022553031278153374,3.29691565443007,0.4,0.4,c
466,1.3842682447674166e+33,209849416166.6381,0.748146168422548,3903492.9694058783,395249561187157.44,1.218951083454092e+31,0.00022004158426148772,3.3027996999036136,0.4,0.4,c
467,1.3991043126688656e+33,210944445306.89825,0.7298133484004192,3903232.992634859,385552784593862.5,1.2207792370502412e+31,0.00021450174756520047,3.308688797637063,0.4,0.4,c
468,1.4140993879820936e+33,212044328529.03635,0.7112805973257139,3902975.491644142,375752081560848.44,1.2226184832987643e+31,0.00020891026936253434,3.3145829573348986,0.4,0.4,c
469,1.4292551748888845e+33,213149083957.9232,0.6925458041653839,3902720.4375832365,365846338242330.44,1.2244689178023933e+31,0.00020326661476751808,3.3204821886599647,0.4,0.4,c
470,1.444573395835802e+33,214258729780.9024,0.6736068348406863,3902467.8019710165,355834428854658.56,1.2263306369499327e+31,0.00019757024756091133,3.326386501234122,0.4,0.4,c
471,1.4600557917300175e+33,215373284248.00177,0.6544615319851373,3902217.556690617,345715215548317.1,1.2282037379241418e+31,0.0001918206304428216,3.3322959046389453,0.4,0.4,c
472,1.4757041221370214e+33,216492765672.14548,0.6351077147000633,3901969.6739844014,335487548278689.94,1.2300883187096859e+31,0.00018601722531989603,3.3382104084163684,0.4,0.4,c
473,1.4915201654806666e+33,217617192429.36697,0.6155431783071982,3901724.126449004,325150264675301.94,1.2319844781011555e+31,0.0001801594936322333,3.3441300220693546,0.4,0.4,c
474,1.5075057192453588e+33,218746582959.02255,0.5957656940985488,3901480.887030441,314702189909652.44,1.233892315711156e+31,0.0001742468967263914,3.350054755062537,0.4,0.4,c
475,1.5236626001801947e+33,219880955764.00586,0.5757730090837848,3901239.9290192956,304142136561777.3,1.2358119319784671e+31,0.0001682788962822014,3.355984616822865,0.4,0.4,c
476,1.5399926445055056e+33,221020329410.96298,0.5555628457345744,3901001.226045971,293468904485232.75,1.2377434281762737e+31,0.0001622549548024533,3.361919616740232,0.4,0.4,c
477,1.5564977081216183e+33,222164722530.5084,0.535132896900021,3900764.786966174,282681280670629.4,1.239686906420469e+31,0.00015617454378834245,3.367859752273451,0.4,0.4,c
478,1.573179666819629e+33,223314153829.80865,0.5144808347778407,3900530.593392072,271778039107845.75,1.2416424697704273e+31,0.00015003712980801931,3.3738050302562708,0.4,0.4,c
479,1.590040416494658e+33,224468642082.89615,0.4936043074506383,3900298.6191328876,260757940646615.88,1.2436102221666121e+31,0.0001438421803222158,3.3797554602640596,0.4,0.4,c
480,1.607081873361396e+33,225628206127.9654,0.47250093740793175,3900068.8383332496,249619732855614.06,1.2455902684178916e+31,0.00013758916648180618,3.385711051831026,0.4,0.4,c
481,1.6243059741717275e+33,226792864867.6062,0.45116832127658196,3899841.225468563,238362149880174.56,1.2475827142101462e+31,0.00013127756416622967,3.3916718144509796,0.4,0.4,c
482,1.641714676434915e+33,227962637269.03674,0.4296040295479728,3899615.755340445,226983912298328.75,1.2495876661149547e+31,0.00012490685521124304,3.3976377575780683,0.4,0.4,c
483,1.6593099586401526e+33,229137542364.33725,0.40780560630216844,3899392.4030722273,215483726975283.34,1.251605231598357e+31,0.00011847652887154509,3.4036088906275115,0.4,0.4,c
484,1.6770938204812585e+33,230317599250.68408,0.3857705689293284,3899171.144104523,203860286916484.03,1.2536355190296957e+31,0.00011198608357813405,3.4095852229763177,0.4,0.4,c
485,1.6950682830840188e+33,231502827090.5842,0.3634964078477431,3898951.954190856,192112271118930.44,1.255678637690536e+31,0.00010543502906996804,3.415566763964005,0.4,0.4,c
486,1.7132353892359706e+33,232693245112.11002,0.3409805862187308,3898734.8093933538,180238344420869.34,1.2577346977836675e+31,9.882288900821456e-05,3.4215535228932845,0.4,0.4,c
487,1.7315972036183992e+33,233888872609.13477,0.31822053965866437,3898519.6860785033,168237157350006.4,1.2598038104421845e+31,9.214920422276835e-05,3.427545509030761,0.4,0.4,c
488,1.7501558130410683e+33,235089728941.56833,0.2952136759474604,3898306.5609129644,156107345969886.2,1.2618860877386512e+31,8.541353680214332e-05,3.4335427316075964,0.4,0.4,c
489,1.7689133266794714e+33,236295833535.5934,0.27195737473375403,3898095.4108594465,143847531724556.38,1.263981642694347e+31,7.861547533251726e-05,3.439545199820192,0.4,0.4,c
490,1.7878718763143394e+33,237507205883.9025,0.2484489872370289,3897886.213172643,131456321281660.06,1.266090589288597e+31,7.175464174090834e-05,3.445552922830838,0.4,0.4,c
491,1.807033616574146e+33,238723865545.93494,0.22468583594569433,3897678.9453952247,118932306373423.56,1.268213042468187e+31,6.483070044140145e-05,3.451565909768363,0.4,0.4,c
492,1.8264007251797767e+33,239945832148.11487,0.2006652143119898,3897473.5853538904,106274063636004.12,1.2703491181568639e+31,5.784337090157447e-05,3.4575841697287606,0.4,0.4,c
493,1.8459754031921123e+33,241173125384.08945,0.17638438644251103,3897270.1111554727,93480154446562.19,1.2724989332649218e+31,5.079244549695297e-05,3.4636077117758406,0.4,0.4,c
494,1.8657598752622685e+33,242405765014.96777,0.1518405867841778,3897068.5011831033,80549124757964.03,1.2746626056988777e+31,4.367781595996404e-05,3.4696365449418205,0.4,0.4,c
495,1.8857563898842476e+33,243643770869.56033,0.12703101980492507,3896868.7340924293,67479504930736.055,1.2768402543712327e+31,3.649951470619657e-05,3.4756706782279614,0.4,0.4,c
496,1.9059672196505657e+33,244887162844.61887,0.10195285966613814,3896670.788807886,54269809560702.71,1.2790319992103254e+31,2.9257784132865228e-05,3.4817101206051437,0.4,0.4,c
497,1.926394661510627e+33,246135960905.0771,0.07660324988127684,3896474.644519025,40918537299383.17,1.281237961170273e+31,2.1953204864110767e-05,3.487754881014477,0.4,0.4,c
498,1.9470410370315842e+33,247390185084.29175,0.050979302942573,3896280.280676889,27424170657610.477,1.283458262241006e+31,1.458697126575482e-05,3.4938049683678707,0.4,0.4,c
499,1.967908692662276e+33,248649855484.28442,0.025078099832029722,3896087.676990445,13785175748270.08,1.2856930254583937e+31,7.1616609253247296e-06,3.4998603915486144,0.4,0.4,c
500,1.988999999999995e+33,249914992275.9839,-0.0011033118523692588,3895896.813423066,1300006.119863162,1.2879423749144635e+31,,3.5059211594119506,0.4,0.4,c
